﻿<project version="2.9" name="Mockplus" ID="70A99426-6B51-4915-8BEB-7A48A57B9C04">
  <params>
    <pageParam version="5.3" minAllowVersion="5.3"/>
    <projectParam version="2.9" minAllowVersion="2.9" platform="MtWeb" pageSize="(1400,1450)" backgroundColor="4293190884" fontSize="28" fontFamily="Segoe UI" projectType="ptPersonalProject" isShowTitleIndex="True"/>
    <previewParam version="1.0"/>
    <colorParam version="1.0"/>
  </params>
  <pages>
    <page name="HOME" ID="4A0D339D-9182-425A-A673-178FA0C98669" expanded="True" code="D7opvL9vHu" thumbCode="D7opvL9vHu" status="psWhite" isfolder="False" isshownode="True">
      <images>
        <image key="D38140EF3901479DAAAC9CC9239AFEF7.png"/>
        <image key="3893359F374036C0F836494E3CC0BD82.png"/>
        <image key="282331BE75C40FB6D299F787B7BFD38F.svg"/>
        <image key="F5D6BD735FA1165B1E2794BE2F7E06A7.png"/>
        <image key="539D4D7FD21DB58B55AD7CFA1C51A47B.jpg"/>
        <image key="B92A93242BFD4C947768AFC597347C55.png"/>
        <image key="28C7ACC951DFBD985489058537C14EDA.png"/>
        <image key="2C8DF6468A002E1513735D340D296412.png"/>
        <image key="7AFD823214A86CF07DB3827B7BC2FD9C.png"/>
        <image key="B91434690C5B5224D1CC6B1998F1178A.svg"/>
        <image key="44F3EEF1AB42FD4802A7CB7114A02621.png"/>
        <image key="F11269C57FFEE5ED3BAC629A6B1FC5F0.png"/>
        <image key="F3C64B69AED3D11529E2583EDA7BAA97.png"/>
        <image key="E824BDFC2A61421270F3A0DA09351C67.svg"/>
        <image key="520A776503D70E7FC53BE8D209CC96C1.svg"/>
        <image key="4529DADA0AD1F8BF89E5709239A0C3BD.svg"/>
        <image key="44FF53C68DE92391EBB2E3B4787E8600.png"/>
        <image key="52135DE64ADBA9A0274C741473C82167.png"/>
        <image key="9DDACFA1CF56DBAEDCDB44BD9EE77A8A.svg"/>
        <image key="4CEBA48D845888E06C868951A5E1A875.svg"/>
      </images>
      <page name="Login" ID="A8DB2508-17C8-4108-87DB-6F4A73B2CD29" expanded="True" code="RdhATKmcAP" thumbCode="DZhBynnEQo" status="psWhite" isfolder="False" isshownode="True">
        <images>
          <image key="BFD72AC2A994DD56B2AC42836BD43118.svg"/>
          <image key="C0B1B100D13FB6A01DC426B3BFE308AD.svg"/>
          <image key="3893359F374036C0F836494E3CC0BD82.png"/>
          <image key="C7C897A7402EA4CB3137EA8B41875395.svg"/>
          <image key="E73BF079894633B91AB1C74673512061.svg"/>
          <image key="948053AFB897543CC704EBC83610C34C.svg"/>
          <image key="B66F27F2E9D3FA86BF7FAC9436CE14C8.svg"/>
          <image key="9F6B3FDADF0164A3E974FD52D6801AF4.png"/>
          <image key="4529DADA0AD1F8BF89E5709239A0C3BD.svg"/>
          <image key="13D986C888731CDE4A08CE83532A7F40.svg"/>
          <image key="D6EAA347A6B38A8090B34B271D537CD7.svg"/>
          <image key="53E5FAA4368ED368D35BB3C84BA750E3.svg"/>
          <image key="243A5429551AE38A476986095A85D814.svg"/>
          <image key="B4C305388760107669AA99EE0AEF5CD9.svg"/>
          <image key="6A720129B9946C54BB44576EFE2EDA68.svg"/>
          <image key="4CEBA48D845888E06C868951A5E1A875.svg"/>
          <image key="B11257D67005F1A4A202161FFAB3CAA8.svg"/>
          <image key="282331BE75C40FB6D299F787B7BFD38F.svg"/>
          <image key="005517CC9CFB1E7C27A857B5F44893B6.svg"/>
          <image key="539D4D7FD21DB58B55AD7CFA1C51A47B.jpg"/>
          <image key="EBCEFD61379799B4D7C3F43E438952D9.svg"/>
          <image key="520A776503D70E7FC53BE8D209CC96C1.svg"/>
          <image key="0AE44071EBEDE13A44F45177D282B902.svg"/>
          <image key="452A1108CEAE2C044CFCAF610C27E444.svg"/>
          <image key="CDBB5DCB484E5455A1005CA387900B3C.svg"/>
        </images>
      </page>
    </page>
    <page name="My Artist" ID="BD193AFF-70A0-41C2-A87E-D5AA02699736" expanded="True" code="QquDwSihrW" thumbCode="QDfwrobhqQ" status="psWhite" isfolder="False" isshownode="True">
      <images>
        <image key="4CF83DDA9C8A839D8E053EBCF4E552C8.svg"/>
        <image key="3893359F374036C0F836494E3CC0BD82.png"/>
        <image key="282331BE75C40FB6D299F787B7BFD38F.svg"/>
        <image key="49BC22A68AD04EB82AD7C7AA33E89DD4.png"/>
        <image key="539D4D7FD21DB58B55AD7CFA1C51A47B.jpg"/>
        <image key="B91434690C5B5224D1CC6B1998F1178A.svg"/>
        <image key="520A776503D70E7FC53BE8D209CC96C1.svg"/>
        <image key="4529DADA0AD1F8BF89E5709239A0C3BD.svg"/>
        <image key="78AFA535948379271C11A5685E982757.png"/>
        <image key="184294BCB1A9EB3A13B9FA3F7456BB90.svg"/>
        <image key="FEC35DBF55C464096BF911EA77F04C95.png"/>
        <image key="B51188773602B5C86283A8D618BC7611.jpg"/>
        <image key="4CEBA48D845888E06C868951A5E1A875.svg"/>
        <image key="141865ED6C1F03CB217F2DC3BC8376ED.svg"/>
      </images>
    </page>
    <page name="My stream" ID="D787943C-55CB-4922-8217-BECC080E3C57" expanded="True" code="skcjG7aqt7" thumbCode="skcjG7aqt7" status="psWhite" isfolder="False" isshownode="True">
      <images>
        <image key="16B5071B42504985CFBDE708BB381A3F.svg"/>
        <image key="8E327F9D76E31B04F46DC065F18E65AF.svg"/>
        <image key="3947209BB95287B59E8EAF021A4C81CE.svg"/>
        <image key="5C6857EB450A2A3DA5E372F0CC594792.svg"/>
        <image key="3893359F374036C0F836494E3CC0BD82.png"/>
        <image key="282331BE75C40FB6D299F787B7BFD38F.svg"/>
        <image key="539D4D7FD21DB58B55AD7CFA1C51A47B.jpg"/>
        <image key="2C8DF6468A002E1513735D340D296412.png"/>
        <image key="CCBF11A327FC89E3C84FD545972EDB60.svg"/>
        <image key="7AFD823214A86CF07DB3827B7BC2FD9C.png"/>
        <image key="44FF53C68DE92391EBB2E3B4787E8600.png"/>
        <image key="B91434690C5B5224D1CC6B1998F1178A.svg"/>
        <image key="520A776503D70E7FC53BE8D209CC96C1.svg"/>
        <image key="4529DADA0AD1F8BF89E5709239A0C3BD.svg"/>
        <image key="202490A4A172AD123A4BEC53F4B50CD5.svg"/>
        <image key="E824BDFC2A61421270F3A0DA09351C67.svg"/>
        <image key="FEC35DBF55C464096BF911EA77F04C95.png"/>
        <image key="52135DE64ADBA9A0274C741473C82167.png"/>
        <image key="9DDACFA1CF56DBAEDCDB44BD9EE77A8A.svg"/>
        <image key="4CEBA48D845888E06C868951A5E1A875.svg"/>
        <image key="1ADDD662F0862C7053E639D064FCA264.svg"/>
      </images>
    </page>
    <page name="My Shouts" ID="2781DBA1-A02C-448A-A3AE-53C0C29D05D9" expanded="False" code="KovnYAEMPd" thumbCode="KovnYAEMPd" isLastOpen="True" status="psWhite" isfolder="False" isshownode="True">
      <images>
        <image key="B91434690C5B5224D1CC6B1998F1178A.svg"/>
        <image key="520A776503D70E7FC53BE8D209CC96C1.svg"/>
        <image key="4529DADA0AD1F8BF89E5709239A0C3BD.svg"/>
        <image key="FEC35DBF55C464096BF911EA77F04C95.png"/>
        <image key="3893359F374036C0F836494E3CC0BD82.png"/>
        <image key="282331BE75C40FB6D299F787B7BFD38F.svg"/>
        <image key="49BC22A68AD04EB82AD7C7AA33E89DD4.png"/>
        <image key="539D4D7FD21DB58B55AD7CFA1C51A47B.jpg"/>
        <image key="4CEBA48D845888E06C868951A5E1A875.svg"/>
        <image key="141865ED6C1F03CB217F2DC3BC8376ED.svg"/>
      </images>
    </page>
  </pages>
  <trash>
    <page name="Features" ID="051C724B-7FB7-46E7-B421-22267E351ABC" expanded="False" code="7nmbZz5vKD" thumbCode="UvKMjHSqHj" isLastOpen="True" status="psWhite" isfolder="False" isshownode="True">
      <images>
        <image key="B91434690C5B5224D1CC6B1998F1178A.svg"/>
        <image key="520A776503D70E7FC53BE8D209CC96C1.svg"/>
        <image key="24B6825248D2E3B41E6A51EC7FE24971.svg"/>
        <image key="4529DADA0AD1F8BF89E5709239A0C3BD.svg"/>
        <image key="282331BE75C40FB6D299F787B7BFD38F.svg"/>
        <image key="4CEBA48D845888E06C868951A5E1A875.svg"/>
      </images>
    </page>
    <page name="Home" ID="9E7EE126-BC99-4CF2-8433-3307DCE602C5" expanded="True" code="tGJpzlOgux" thumbCode="mMFnHnBKGb" isLastOpen="True" status="psWhite" isfolder="False" isshownode="True">
      <images>
        <image key="7CECDA477D94DDFD67B50396EBBA3791.jpg"/>
        <image key="520A776503D70E7FC53BE8D209CC96C1.svg"/>
        <image key="4529DADA0AD1F8BF89E5709239A0C3BD.svg"/>
        <image key="B91434690C5B5224D1CC6B1998F1178A.svg"/>
        <image key="282331BE75C40FB6D299F787B7BFD38F.svg"/>
        <image key="4CEBA48D845888E06C868951A5E1A875.svg"/>
      </images>
    </page>
    <page name="Download" ID="66E9059F-8141-410B-AB04-14EE23772128" expanded="True" code="ID5A7i3GdZ" thumbCode="owHDCIJado" isLastOpen="True" status="psWhite" isfolder="False" isshownode="True">
      <images>
        <image key="520A776503D70E7FC53BE8D209CC96C1.svg"/>
        <image key="24B6825248D2E3B41E6A51EC7FE24971.svg"/>
        <image key="4529DADA0AD1F8BF89E5709239A0C3BD.svg"/>
        <image key="B90B7061B3EEE4E4CA7C791FC7A2F812.PNG"/>
        <image key="B91434690C5B5224D1CC6B1998F1178A.svg"/>
        <image key="4CEBA48D845888E06C868951A5E1A875.svg"/>
        <image key="E81ED979293FF1C7F35153E7BDA571B8.svg"/>
        <image key="282331BE75C40FB6D299F787B7BFD38F.svg"/>
        <image key="889E208791BEEA5925F0E9D3A28E4DF6.svg"/>
        <image key="5463271C540250F770DA8A5721C9E4F4.svg"/>
        <image key="7C3E7556DFF0200716C95095C3332CD1.svg"/>
        <image key="BDF25A843A3C8925DA92BCDA8DEC8559.svg"/>
      </images>
    </page>
    <page name="What's New" ID="21EDE6BF-82D9-4FD8-8511-A5E9370AA192" expanded="False" code="hRNPqqaaP3" thumbCode="CkyE1rzEeL" isLastOpen="True" status="psWhite" isfolder="False" isshownode="True">
      <images>
        <image key="520A776503D70E7FC53BE8D209CC96C1.svg"/>
        <image key="24B6825248D2E3B41E6A51EC7FE24971.svg"/>
        <image key="4529DADA0AD1F8BF89E5709239A0C3BD.svg"/>
        <image key="B91434690C5B5224D1CC6B1998F1178A.svg"/>
        <image key="282331BE75C40FB6D299F787B7BFD38F.svg"/>
        <image key="539D4D7FD21DB58B55AD7CFA1C51A47B.jpg"/>
        <image key="3A3CD3DB2FAE85FFEF2A8996E634645D.svg"/>
        <image key="28CAC8B5F3DA0602E0DF8897FD0F0A97.svg"/>
        <image key="4CEBA48D845888E06C868951A5E1A875.svg"/>
      </images>
    </page>
    <page name="My streams" ID="5F0C034F-03EF-47FE-ADA3-6900D0FF6CAA" expanded="False" code="tlQyRkhDoB" thumbCode="BIOsPnaL53" isLastOpen="True" status="psWhite" isfolder="False" isshownode="True">
      <images>
        <image key="539D4D7FD21DB58B55AD7CFA1C51A47B.jpg"/>
      </images>
    </page>
    <page name="My Shouts" ID="554E39AD-36ED-4F5E-B6C7-2180A87CA026" expanded="True" code="nCXWTMPHgW" thumbCode="tgFQjzR6ZV" status="psWhite" isfolder="False" isshownode="True">
      <images>
        <image key="539D4D7FD21DB58B55AD7CFA1C51A47B.jpg"/>
      </images>
    </page>
    <page name="Home 2" ID="425A98AB-9F07-4E15-BFDD-FB5364861C8F" expanded="True" code="EBoEFFLS4Y" thumbCode="Xbq617X2vk" isLastOpen="True" status="psWhite" isfolder="False" isshownode="True">
      <images>
        <image key="520A776503D70E7FC53BE8D209CC96C1.svg"/>
        <image key="B91434690C5B5224D1CC6B1998F1178A.svg"/>
        <image key="4529DADA0AD1F8BF89E5709239A0C3BD.svg"/>
        <image key="44F3EEF1AB42FD4802A7CB7114A02621.png"/>
        <image key="E824BDFC2A61421270F3A0DA09351C67.svg"/>
        <image key="D38140EF3901479DAAAC9CC9239AFEF7.png"/>
        <image key="282331BE75C40FB6D299F787B7BFD38F.svg"/>
        <image key="9DDACFA1CF56DBAEDCDB44BD9EE77A8A.svg"/>
        <image key="F5D6BD735FA1165B1E2794BE2F7E06A7.png"/>
        <image key="4CEBA48D845888E06C868951A5E1A875.svg"/>
      </images>
    </page>
    <page name="Login" ID="D639310A-16BF-4432-AA5C-140F25963633" expanded="False" code="QnUwChns5w" thumbCode="ocqHdefBww" isLastOpen="True" status="psWhite" isfolder="False" isshownode="True">
      <images>
        <image key="520A776503D70E7FC53BE8D209CC96C1.svg"/>
        <image key="4529DADA0AD1F8BF89E5709239A0C3BD.svg"/>
        <image key="452A1108CEAE2C044CFCAF610C27E444.svg"/>
        <image key="282331BE75C40FB6D299F787B7BFD38F.svg"/>
        <image key="4CEBA48D845888E06C868951A5E1A875.svg"/>
      </images>
    </page>
  </trash>
  <deletes/>
  <masters>
    <master name="Master" ID="24338112-78F9-4D38-8F21-F0FAFA2D27E7" code="UDxukmQzUf" status="psWhite" createDate="2018-03-22 23:05:37">
      <refPages>
        <page ID="4A0D339D-9182-425A-A673-178FA0C98669" refCount="1"/>
        <page ID="A8DB2508-17C8-4108-87DB-6F4A73B2CD29" refCount="1"/>
        <page ID="BD193AFF-70A0-41C2-A87E-D5AA02699736" refCount="1"/>
        <page ID="D787943C-55CB-4922-8217-BECC080E3C57" refCount="1"/>
        <page ID="9E7EE126-BC99-4CF2-8433-3307DCE602C5" refCount="1"/>
        <page ID="425A98AB-9F07-4E15-BFDD-FB5364861C8F" refCount="1"/>
        <page ID="D639310A-16BF-4432-AA5C-140F25963633" refCount="1"/>
        <page ID="2781DBA1-A02C-448A-A3AE-53C0C29D05D9" refCount="1"/>
      </refPages>
      <images>
        <image key="520A776503D70E7FC53BE8D209CC96C1.svg"/>
        <image key="4529DADA0AD1F8BF89E5709239A0C3BD.svg"/>
        <image key="282331BE75C40FB6D299F787B7BFD38F.svg"/>
        <image key="4CEBA48D845888E06C868951A5E1A875.svg"/>
      </images>
    </master>
    <master name="Master1" ID="E8DB42B2-EA9C-4860-A2FB-CD5E13B65F3F" code="4yv3XSmNIU" status="psWhite" createDate="2018-03-22 23:29:25">
      <refPages/>
      <images>
        <image key="B91434690C5B5224D1CC6B1998F1178A.svg"/>
      </images>
    </master>
    <master name="Master2" ID="1B259074-56BF-43DD-8952-280A1430C009" code="UaJVRslyAn" status="psWhite" createDate="2018-03-23 00:26:37">
      <refPages>
        <page ID="66E9059F-8141-410B-AB04-14EE23772128" refCount="1"/>
        <page ID="21EDE6BF-82D9-4FD8-8511-A5E9370AA192" refCount="1"/>
      </refPages>
      <images>
        <image key="520A776503D70E7FC53BE8D209CC96C1.svg"/>
        <image key="24B6825248D2E3B41E6A51EC7FE24971.svg"/>
        <image key="4529DADA0AD1F8BF89E5709239A0C3BD.svg"/>
        <image key="282331BE75C40FB6D299F787B7BFD38F.svg"/>
        <image key="4CEBA48D845888E06C868951A5E1A875.svg"/>
      </images>
    </master>
    <master name="Master3" ID="B2A6F51B-EAD6-4945-AAD8-FA23344F07F8" code="RWELImTvwz" status="psWhite" createDate="2018-03-23 09:34:09">
      <refPages/>
      <images>
        <image key="CD2DC7633347F211915C71AE5D127E45.png"/>
      </images>
    </master>
    <master name="Master4" ID="9CE81536-19B9-4DD0-BD4B-CE350C6EE477" code="MjEQyhCdcs" status="psWhite" createDate="2018-03-26 17:58:36">
      <refPages>
        <page ID="D639310A-16BF-4432-AA5C-140F25963633" refCount="1"/>
        <page ID="66E9059F-8141-410B-AB04-14EE23772128" refCount="1"/>
      </refPages>
    </master>
    <master name="Master5" ID="2E2F0ED4-07D3-43E3-8809-BB8CEC1CE1C6" code="wLr1e15yjv" status="psWhite" createDate="2018-03-27 11:30:57">
      <refPages/>
    </master>
    <master name="Master6" ID="F21DDD7C-5FFF-4C9B-BD85-0CEAC5252BD1" code="2glSBblGym" status="psWhite" createDate="2018-03-27 11:33:46">
      <refPages>
        <page ID="66E9059F-8141-410B-AB04-14EE23772128" refCount="1"/>
        <page ID="21EDE6BF-82D9-4FD8-8511-A5E9370AA192" refCount="1"/>
      </refPages>
      <images>
        <image key="B91434690C5B5224D1CC6B1998F1178A.svg"/>
      </images>
    </master>
  </masters>
  <images>
    <image key="16B5071B42504985CFBDE708BB381A3F.svg"/>
    <image key="3947209BB95287B59E8EAF021A4C81CE.svg"/>
    <image key="F5D6BD735FA1165B1E2794BE2F7E06A7.png"/>
    <image key="E73BF079894633B91AB1C74673512061.svg"/>
    <image key="B92A93242BFD4C947768AFC597347C55.png"/>
    <image key="9F6B3FDADF0164A3E974FD52D6801AF4.png"/>
    <image key="B91434690C5B5224D1CC6B1998F1178A.svg"/>
    <image key="E824BDFC2A61421270F3A0DA09351C67.svg"/>
    <image key="4529DADA0AD1F8BF89E5709239A0C3BD.svg"/>
    <image key="13D986C888731CDE4A08CE83532A7F40.svg"/>
    <image key="D6EAA347A6B38A8090B34B271D537CD7.svg"/>
    <image key="53E5FAA4368ED368D35BB3C84BA750E3.svg"/>
    <image key="243A5429551AE38A476986095A85D814.svg"/>
    <image key="889E208791BEEA5925F0E9D3A28E4DF6.svg"/>
    <image key="5463271C540250F770DA8A5721C9E4F4.svg"/>
    <image key="4CEBA48D845888E06C868951A5E1A875.svg"/>
    <image key="6A720129B9946C54BB44576EFE2EDA68.svg"/>
    <image key="7CECDA477D94DDFD67B50396EBBA3791.jpg"/>
    <image key="D38140EF3901479DAAAC9CC9239AFEF7.png"/>
    <image key="E81ED979293FF1C7F35153E7BDA571B8.svg"/>
    <image key="539D4D7FD21DB58B55AD7CFA1C51A47B.jpg"/>
    <image key="EBCEFD61379799B4D7C3F43E438952D9.svg"/>
    <image key="7C3E7556DFF0200716C95095C3332CD1.svg"/>
    <image key="44FF53C68DE92391EBB2E3B4787E8600.png"/>
    <image key="0AE44071EBEDE13A44F45177D282B902.svg"/>
    <image key="452A1108CEAE2C044CFCAF610C27E444.svg"/>
    <image key="3A3CD3DB2FAE85FFEF2A8996E634645D.svg"/>
    <image key="8E327F9D76E31B04F46DC065F18E65AF.svg"/>
    <image key="BFD72AC2A994DD56B2AC42836BD43118.svg"/>
    <image key="C0B1B100D13FB6A01DC426B3BFE308AD.svg"/>
    <image key="3893359F374036C0F836494E3CC0BD82.png"/>
    <image key="C7C897A7402EA4CB3137EA8B41875395.svg"/>
    <image key="948053AFB897543CC704EBC83610C34C.svg"/>
    <image key="28C7ACC951DFBD985489058537C14EDA.png"/>
    <image key="B66F27F2E9D3FA86BF7FAC9436CE14C8.svg"/>
    <image key="24B6825248D2E3B41E6A51EC7FE24971.svg"/>
    <image key="202490A4A172AD123A4BEC53F4B50CD5.svg"/>
    <image key="B90B7061B3EEE4E4CA7C791FC7A2F812.PNG"/>
    <image key="F3C64B69AED3D11529E2583EDA7BAA97.png"/>
    <image key="78AFA535948379271C11A5685E982757.png"/>
    <image key="FEC35DBF55C464096BF911EA77F04C95.png"/>
    <image key="184294BCB1A9EB3A13B9FA3F7456BB90.svg"/>
    <image key="9DDACFA1CF56DBAEDCDB44BD9EE77A8A.svg"/>
    <image key="CD2DC7633347F211915C71AE5D127E45.png"/>
    <image key="52135DE64ADBA9A0274C741473C82167.png"/>
    <image key="28CAC8B5F3DA0602E0DF8897FD0F0A97.svg"/>
    <image key="BDF25A843A3C8925DA92BCDA8DEC8559.svg"/>
    <image key="B4C305388760107669AA99EE0AEF5CD9.svg"/>
    <image key="4CF83DDA9C8A839D8E053EBCF4E552C8.svg"/>
    <image key="B11257D67005F1A4A202161FFAB3CAA8.svg"/>
    <image key="5C6857EB450A2A3DA5E372F0CC594792.svg"/>
    <image key="282331BE75C40FB6D299F787B7BFD38F.svg"/>
    <image key="49BC22A68AD04EB82AD7C7AA33E89DD4.png"/>
    <image key="005517CC9CFB1E7C27A857B5F44893B6.svg"/>
    <image key="2C8DF6468A002E1513735D340D296412.png"/>
    <image key="7AFD823214A86CF07DB3827B7BC2FD9C.png"/>
    <image key="CCBF11A327FC89E3C84FD545972EDB60.svg"/>
    <image key="520A776503D70E7FC53BE8D209CC96C1.svg"/>
    <image key="44F3EEF1AB42FD4802A7CB7114A02621.png"/>
    <image key="F11269C57FFEE5ED3BAC629A6B1FC5F0.png"/>
    <image key="CDBB5DCB484E5455A1005CA387900B3C.svg"/>
    <image key="B51188773602B5C86283A8D618BC7611.jpg"/>
    <image key="141865ED6C1F03CB217F2DC3BC8376ED.svg"/>
    <image key="1ADDD662F0862C7053E639D064FCA264.svg"/>
  </images>
</project>