﻿<master version="5.3" minAllowVersion="5.3" ID="1B259074-56BF-43DD-8952-280A1430C009">
  <controls>
    <control controlID="9CB9FA81-098F-425E-ACBB-2E57DF59C63D" controlTypeID="Master" x="0" y="3164" w="1400" h="80" zOrder="6" masterID="1B259074-56BF-43DD-8952-280A1430C009">
      <groupChildrenDescriptors>
        <control controlID="038C956C-9129-476D-A91F-723EA3E9570E" controlTypeID="Shape" x="0" y="0" w="1400" h="80" zOrder="0">
          <color>4279374612</color>
          <font family="Segoe+UI" displayName="Segoe+UI" postScript="" weightStyle="Regular" weight="400" isBold="False" isItalic="False"/>
          <textSize>14</textSize>
          <selectedIndex>-1</selectedIndex>
        </control>
        <control controlID="FFFDC0A3-79CF-439F-87CD-180921225DAB" controlTypeID="Label" x="684" y="32" w="284" h="16" zOrder="1">
          <color>16777215</color>
          <font family="Segoe+UI" displayName="Segoe+UI" postScript="" weightStyle="Regular" weight="400" isBold="False" isItalic="False"/>
          <text>%C2%A9+2014-2018+Jongde+Software+LLC+All+rights+reserved.</text>
          <textColor>4284900966</textColor>
          <textSize>12</textSize>
          <textAlign>HaCenter</textAlign>
          <lineSpacing>0</lineSpacing>
          <useDefaultTextSize>False</useDefaultTextSize>
          <selectedIndex>-1</selectedIndex>
        </control>
        <control controlID="D52627F0-D93B-43A3-9FD4-3C46E4AF4B7F" controlTypeID="Label" x="165" y="30" w="99" h="19" zOrder="2">
          <states>
            <state propName="TextColor" stateType="state_mouseOver" isChecked="True" value="4288256409" varType="20"/>
          </states>
          <color>16777215</color>
          <font family="Segoe+UI" displayName="Segoe+UI" postScript="" weightStyle="Regular" weight="400" isBold="False" isItalic="False"/>
          <text>Terms+of+Service+</text>
          <textColor>4291611852</textColor>
          <textAlign>HaCenter</textAlign>
          <lineSpacing>0</lineSpacing>
          <useDefaultTextSize>False</useDefaultTextSize>
          <selectedIndex>-1</selectedIndex>
        </control>
        <control controlID="2F60A26C-AC40-4D9F-9DCB-E69FAAE32257" controlTypeID="Label" x="312" y="30" w="82" h="19" zOrder="3">
          <states>
            <state propName="TextColor" stateType="state_mouseOver" isChecked="True" value="4288256409" varType="20"/>
          </states>
          <color>16777215</color>
          <font family="Segoe+UI" displayName="Segoe+UI" postScript="" weightStyle="Regular" weight="400" isBold="False" isItalic="False"/>
          <text>Privacy+Policy+</text>
          <textColor>4291611852</textColor>
          <textAlign>HaCenter</textAlign>
          <lineSpacing>0</lineSpacing>
          <useDefaultTextSize>False</useDefaultTextSize>
          <selectedIndex>-1</selectedIndex>
        </control>
        <control controlID="EE681D96-F328-4249-91EB-65124FCBFCE6" controlTypeID="Label" x="444" y="30" w="54" h="19" zOrder="4">
          <states>
            <state propName="TextColor" stateType="state_mouseOver" isChecked="True" value="4288256409" varType="20"/>
          </states>
          <color>16777215</color>
          <font family="Segoe+UI" displayName="Segoe+UI" postScript="" weightStyle="Regular" weight="400" isBold="False" isItalic="False"/>
          <text>Site+Map</text>
          <textColor>4291611852</textColor>
          <textAlign>HaCenter</textAlign>
          <lineSpacing>0</lineSpacing>
          <useDefaultTextSize>False</useDefaultTextSize>
          <selectedIndex>-1</selectedIndex>
        </control>
        <control controlID="5AF2B9F3-895D-4265-8EA7-CABAFE8F400D" controlTypeID="Icon" x="1094" y="28" w="24" h="24" zOrder="5">
          <states>
            <state propName="Color" stateType="state_mouseOver" isChecked="True" value="4291611852" varType="20"/>
          </states>
          <icon>
            <ID/>
            <iconFontName>jdFontAwesome</iconFontName>
            <iconCode>61570</iconCode>
          </icon>
          <URL>4CEBA48D845888E06C868951A5E1A875.svg</URL>
        </control>
        <control controlID="B65F6CC7-7B9A-4A22-A0C1-B8FCE105980F" controlTypeID="Icon" x="1135" y="28" w="24" h="24" zOrder="6">
          <states>
            <state propName="Color" stateType="state_mouseOver" isChecked="True" value="4291611852" varType="20"/>
          </states>
          <icon>
            <ID/>
            <iconFontName>jdFontAwesome</iconFontName>
            <iconCode>61569</iconCode>
          </icon>
          <URL>520A776503D70E7FC53BE8D209CC96C1.svg</URL>
        </control>
        <control controlID="9FE59AE0-CEE8-4436-807D-EC2575830F73" controlTypeID="Icon" x="1174" y="28" w="24" h="24" zOrder="7">
          <states>
            <state propName="Color" stateType="state_mouseOver" isChecked="True" value="4291611852" varType="20"/>
          </states>
          <icon>
            <ID/>
            <iconFontName>jdFontAwesome</iconFontName>
            <iconCode>61652</iconCode>
          </icon>
          <URL>282331BE75C40FB6D299F787B7BFD38F.svg</URL>
        </control>
        <control controlID="4E07F281-E277-47A1-BC91-519FAD3865B4" controlTypeID="Icon" x="1052" y="28" w="24" h="24" zOrder="8">
          <states>
            <state propName="Color" stateType="state_mouseOver" isChecked="True" value="4291611852" varType="20"/>
          </states>
          <icon>
            <ID/>
            <iconFontName>jdFontAwesome</iconFontName>
            <iconCode>61580</iconCode>
          </icon>
          <URL>24B6825248D2E3B41E6A51EC7FE24971.svg</URL>
        </control>
        <control controlID="DABC3636-BC11-419E-BC6B-1C42F2EE039F" controlTypeID="Icon" x="1009" y="27" w="26" h="26" zOrder="9">
          <states>
            <state propName="Color" stateType="state_mouseOver" isChecked="True" value="4291611852" varType="20"/>
          </states>
          <icon>
            <ID/>
            <iconFontName>jdIonicons</iconFontName>
            <iconCode>62029</iconCode>
          </icon>
          <URL>4529DADA0AD1F8BF89E5709239A0C3BD.svg</URL>
        </control>
        <control controlID="69BD270C-369E-4C7E-9FE9-F2A3226B0049" controlTypeID="Image" x="19" y="25" w="96" h="30" zOrder="10">
          <caption>logo</caption>
        </control>
        <control controlID="57A330E8-C77B-417F-8890-62E03A6CEE1A" controlTypeID="Button" x="1228" y="0" w="172" h="80" zOrder="11">
          <states>
            <state propName="Color" stateType="state_mouseOver" isChecked="True" value="3854383616" varType="20"/>
          </states>
          <color>4290591232</color>
          <borderColor>4290591232</borderColor>
          <borderVisible>False</borderVisible>
          <font family="Segoe+UI" displayName="Segoe+UI" postScript="" weightStyle="Regular" weight="400" isBold="False" isItalic="False"/>
          <text>FREE+TRIAL</text>
          <textColor>4294967295</textColor>
          <textSize>16</textSize>
          <lineSpacing>0</lineSpacing>
          <useDefaultTextSize>False</useDefaultTextSize>
          <selectedIndex>-1</selectedIndex>
          <radius>0</radius>
          <thickness>2</thickness>
        </control>
      </groupChildrenDescriptors>
    </control>
  </controls>
</master>