﻿<master version="5.3" minAllowVersion="5.3" ID="24338112-78F9-4D38-8F21-F0FAFA2D27E7">
  <controls>
    <control controlID="E2298CCC-9CE2-48F2-80A2-9D606140B985" controlTypeID="Master" x="0" y="1359" w="1400" h="91" zOrder="28" masterID="24338112-78F9-4D38-8F21-F0FAFA2D27E7">
      <groupChildrenDescriptors>
        <control controlID="F79C07D1-844E-44AA-964A-5B088E8893FF" controlTypeID="__group__" x="0" y="0" w="1400" h="91" zOrder="0">
          <groupChildrenDescriptors>
            <control controlID="1E7F57F9-0D7D-408A-9288-EC78520DFE81" controlTypeID="Shape" x="0" y="0" w="1400" h="91" zOrder="0">
              <color>4289638062</color>
              <font family="" displayName="%E5%BE%AE%E8%BD%AF%E9%9B%85%E9%BB%91" postScript="" weightStyle="Regular" weight="400" isBold="False" isItalic="False"/>
              <textColor>4289638062</textColor>
              <textSize>14</textSize>
              <selectedIndex>-1</selectedIndex>
            </control>
            <control controlID="0E42DFB8-3638-4ACD-85D9-12E21A78A89C" controlTypeID="Label" x="1124" y="38" w="88" h="27" zOrder="1">
              <font family="" displayName="%E5%BE%AE%E8%BD%AF%E9%9B%85%E9%BB%91" postScript="" weightStyle="Regular" weight="400" isBold="False" isItalic="False"/>
              <text>Follow+Us%3A</text>
              <textSize>20</textSize>
              <lineSpacing>0</lineSpacing>
              <useDefaultTextSize>False</useDefaultTextSize>
              <selectedIndex>-1</selectedIndex>
            </control>
            <control controlID="BF08AEAC-4445-4B3E-B5CD-CDDF5225CB8F" controlTypeID="Label" x="45" y="38" w="369" h="27" zOrder="2">
              <color>16777215</color>
              <font family="" displayName="%E5%BE%AE%E8%BD%AF%E9%9B%85%E9%BB%91" postScript="" weightStyle="Regular" weight="400" isBold="False" isItalic="False"/>
              <text>%C2%A9+2018+J2SM+Software+All+rights+reserved.</text>
              <textSize>20</textSize>
              <textAlign>HaCenter</textAlign>
              <lineSpacing>0</lineSpacing>
              <useDefaultTextSize>False</useDefaultTextSize>
              <selectedIndex>-1</selectedIndex>
            </control>
            <control controlID="05ABBF2B-36A2-47EC-814C-508F6749A668" controlTypeID="Icon" x="1276" y="40" w="24" h="24" zOrder="3">
              <states>
                <state propName="Color" stateType="state_mouseOver" isChecked="True" value="4291611852" varType="20"/>
              </states>
              <color>4278229503</color>
              <icon>
                <ID/>
                <iconFontName>jdFontAwesome</iconFontName>
                <iconCode>61570</iconCode>
              </icon>
              <URL>4CEBA48D845888E06C868951A5E1A875.svg</URL>
            </control>
            <control controlID="524ECD29-1468-4B70-B64A-C05E6A568773" controlTypeID="Icon" x="1317" y="40" w="24" h="24" zOrder="4">
              <states>
                <state propName="Color" stateType="state_mouseOver" isChecked="True" value="4291611852" varType="20"/>
              </states>
              <color>4281571839</color>
              <icon>
                <ID/>
                <iconFontName>jdFontAwesome</iconFontName>
                <iconCode>61569</iconCode>
              </icon>
              <URL>520A776503D70E7FC53BE8D209CC96C1.svg</URL>
            </control>
            <control controlID="B0AB8620-8BA4-49C8-AB9C-515059E17048" controlTypeID="Icon" x="1356" y="40" w="24" h="24" zOrder="5">
              <states>
                <state propName="Color" stateType="state_mouseOver" isChecked="True" value="4291611852" varType="20"/>
              </states>
              <color>4290591232</color>
              <icon>
                <ID/>
                <iconFontName>jdFontAwesome</iconFontName>
                <iconCode>61652</iconCode>
              </icon>
              <URL>282331BE75C40FB6D299F787B7BFD38F.svg</URL>
            </control>
            <control controlID="A53623E2-8D4E-497B-9930-B49F56A88324" controlTypeID="Icon" x="1232" y="38" w="28" h="28" zOrder="6">
              <states>
                <state propName="Color" stateType="state_mouseOver" isChecked="True" value="4291611852" varType="20"/>
              </states>
              <color>4290591232</color>
              <icon>
                <ID/>
                <iconFontName>jdIonicons</iconFontName>
                <iconCode>62029</iconCode>
              </icon>
              <URL>4529DADA0AD1F8BF89E5709239A0C3BD.svg</URL>
            </control>
          </groupChildrenDescriptors>
        </control>
      </groupChildrenDescriptors>
    </control>
  </controls>
</master>