﻿<mockup version="5.3" minAllowVersion="5.3" ID="21EDE6BF-82D9-4FD8-8511-A5E9370AA192" platform="MtWeb" defaultW="1400" defaultH="1500" measureW="1400" measureH="4500" mobileScreenScale="0">
  <controls controlCount="49">
    <control controlID="2BF62165-38D8-4C83-B4B3-78E348EE9C41" controlTypeID="Image" x="0" y="0" w="1400" h="1244" zOrder="0">
      <opacity>0.800000011920929</opacity>
      <URL>539D4D7FD21DB58B55AD7CFA1C51A47B.jpg</URL>
      <showText>False</showText>
    </control>
    <control controlID="EB177091-2EBD-4841-A999-F98782B4007B" controlTypeID="Label" x="601" y="102" w="169" h="54" zOrder="1">
      <font family="Segoe+UI" displayName="Segoe+UI" postScript="" weightStyle="Regular" weight="400" isBold="False" isItalic="False"/>
      <text>Mockplus</text>
      <textColor>4281545523</textColor>
      <textSize>40</textSize>
      <lineSpacing>0</lineSpacing>
      <useDefaultTextSize>False</useDefaultTextSize>
      <selectedIndex>-1</selectedIndex>
    </control>
    <control controlID="38E54377-566A-4C85-BB09-0C5C457C17BE" controlTypeID="TextArea" x="314" y="162" w="771" h="36" zOrder="2">
      <font family="Segoe+UI" displayName="Segoe+UI" postScript="" weightStyle="Regular" weight="400" isBold="False" isItalic="False"/>
      <text>Prototype+Faster%2C+Smarter%2C+Easier</text>
      <textColor>4284900966</textColor>
      <textSize>16</textSize>
      <textAlign>HaCenter</textAlign>
      <useDefaultTextSize>False</useDefaultTextSize>
      <selectedIndex>-1</selectedIndex>
    </control>
    <control controlID="E9D98A0A-B6EC-4BED-AF40-0D4A217A016F" controlTypeID="TextArea" x="962" y="605" w="438" h="78" zOrder="3">
      <font family="Segoe+UI" displayName="Segoe+UI" postScript="" weightStyle="Regular" weight="400" isBold="False" isItalic="False"/>
      <text>SIGN+UP+to+SUBSCRIBE%0D%0A%0D%0ATo+get+the+latest+and+most+quality+designer+news.</text>
      <textColor>4284900966</textColor>
      <textSize>16</textSize>
      <textAlign>HaCenter</textAlign>
      <useDefaultTextSize>False</useDefaultTextSize>
      <selectedIndex>-1</selectedIndex>
    </control>
    <control controlID="20C14812-4B92-44FA-848D-94C4E9D9CE1E" controlTypeID="TextArea" x="984" y="847" w="416" h="35" zOrder="4">
      <font family="Segoe+UI" displayName="Segoe+UI" postScript="" weightStyle="Regular" weight="400" isBold="False" isItalic="False"/>
      <text>POPULAR+POST</text>
      <textColor>4281545523</textColor>
      <textSize>24</textSize>
      <useDefaultTextSize>False</useDefaultTextSize>
      <selectedIndex>-1</selectedIndex>
    </control>
    <control controlID="F620AEE4-9CCB-4B46-8DCE-22E1CD23C161" controlTypeID="Button" x="605" y="216" w="180" h="40" zOrder="5">
      <states>
        <state propName="Color" stateType="state_mouseOver" isChecked="True" value="3854383616" varType="20"/>
      </states>
      <color>4290591232</color>
      <borderColor>4290591232</borderColor>
      <borderVisible>False</borderVisible>
      <font family="Segoe+UI" displayName="Segoe+UI" postScript="" weightStyle="Regular" weight="400" isBold="False" isItalic="False"/>
      <text>FREE+TRIAL</text>
      <textColor>4294967295</textColor>
      <textSize>16</textSize>
      <lineSpacing>0</lineSpacing>
      <useDefaultTextSize>False</useDefaultTextSize>
      <selectedIndex>-1</selectedIndex>
      <radius>0</radius>
      <thickness>2</thickness>
    </control>
    <control controlID="9CB9FA81-098F-425E-ACBB-2E57DF59C63D" controlTypeID="Master" x="0" y="3164" w="1400" h="80" zOrder="6" masterID="1B259074-56BF-43DD-8952-280A1430C009">
      <groupChildrenDescriptors>
        <control controlID="4FA3CA56-F362-4629-9017-0C00DEDD2A89" controlTypeID="Shape" x="0" y="0" w="1400" h="80" zOrder="0">
          <color>4279374612</color>
          <font family="Segoe+UI" displayName="Segoe+UI" postScript="" weightStyle="Regular" weight="400" isBold="False" isItalic="False"/>
          <textSize>14</textSize>
          <selectedIndex>-1</selectedIndex>
        </control>
        <control controlID="B1B3D83F-5C8F-42B0-8C35-C13BE4E97561" controlTypeID="Label" x="684" y="32" w="284" h="16" zOrder="1">
          <color>16777215</color>
          <font family="Segoe+UI" displayName="Segoe+UI" postScript="" weightStyle="Regular" weight="400" isBold="False" isItalic="False"/>
          <text>%C2%A9+2014-2018+Jongde+Software+LLC+All+rights+reserved.</text>
          <textColor>4284900966</textColor>
          <textSize>12</textSize>
          <textAlign>HaCenter</textAlign>
          <lineSpacing>0</lineSpacing>
          <useDefaultTextSize>False</useDefaultTextSize>
          <selectedIndex>-1</selectedIndex>
        </control>
        <control controlID="C4A10D0C-16CF-4A19-85A6-681F21C82A3A" controlTypeID="Label" x="165" y="30" w="99" h="19" zOrder="2">
          <states>
            <state propName="TextColor" stateType="state_mouseOver" isChecked="True" value="4288256409" varType="20"/>
          </states>
          <color>16777215</color>
          <font family="Segoe+UI" displayName="Segoe+UI" postScript="" weightStyle="Regular" weight="400" isBold="False" isItalic="False"/>
          <text>Terms+of+Service+</text>
          <textColor>4291611852</textColor>
          <textAlign>HaCenter</textAlign>
          <lineSpacing>0</lineSpacing>
          <useDefaultTextSize>False</useDefaultTextSize>
          <selectedIndex>-1</selectedIndex>
        </control>
        <control controlID="EE7BDA8A-B0F3-4205-A475-AF4872F7FD9B" controlTypeID="Label" x="312" y="30" w="82" h="19" zOrder="3">
          <states>
            <state propName="TextColor" stateType="state_mouseOver" isChecked="True" value="4288256409" varType="20"/>
          </states>
          <color>16777215</color>
          <font family="Segoe+UI" displayName="Segoe+UI" postScript="" weightStyle="Regular" weight="400" isBold="False" isItalic="False"/>
          <text>Privacy+Policy+</text>
          <textColor>4291611852</textColor>
          <textAlign>HaCenter</textAlign>
          <lineSpacing>0</lineSpacing>
          <useDefaultTextSize>False</useDefaultTextSize>
          <selectedIndex>-1</selectedIndex>
        </control>
        <control controlID="AFD9363E-3E42-4D1E-B841-AB8EC41E5169" controlTypeID="Label" x="444" y="30" w="54" h="19" zOrder="4">
          <states>
            <state propName="TextColor" stateType="state_mouseOver" isChecked="True" value="4288256409" varType="20"/>
          </states>
          <color>16777215</color>
          <font family="Segoe+UI" displayName="Segoe+UI" postScript="" weightStyle="Regular" weight="400" isBold="False" isItalic="False"/>
          <text>Site+Map</text>
          <textColor>4291611852</textColor>
          <textAlign>HaCenter</textAlign>
          <lineSpacing>0</lineSpacing>
          <useDefaultTextSize>False</useDefaultTextSize>
          <selectedIndex>-1</selectedIndex>
        </control>
        <control controlID="47F34AF1-D3AC-45E3-9327-E38BAE7ECB5B" controlTypeID="Icon" x="1094" y="28" w="24" h="24" zOrder="5">
          <states>
            <state propName="Color" stateType="state_mouseOver" isChecked="True" value="4291611852" varType="20"/>
          </states>
          <icon>
            <ID/>
            <iconFontName>jdFontAwesome</iconFontName>
            <iconCode>61570</iconCode>
          </icon>
          <URL>4CEBA48D845888E06C868951A5E1A875.svg</URL>
        </control>
        <control controlID="256CBE31-6702-4EA5-92B4-55EA7DDD9F20" controlTypeID="Icon" x="1135" y="28" w="24" h="24" zOrder="6">
          <states>
            <state propName="Color" stateType="state_mouseOver" isChecked="True" value="4291611852" varType="20"/>
          </states>
          <icon>
            <ID/>
            <iconFontName>jdFontAwesome</iconFontName>
            <iconCode>61569</iconCode>
          </icon>
          <URL>520A776503D70E7FC53BE8D209CC96C1.svg</URL>
        </control>
        <control controlID="61D1D434-9DD8-415F-A0E0-09C54131D031" controlTypeID="Icon" x="1174" y="28" w="24" h="24" zOrder="7">
          <states>
            <state propName="Color" stateType="state_mouseOver" isChecked="True" value="4291611852" varType="20"/>
          </states>
          <icon>
            <ID/>
            <iconFontName>jdFontAwesome</iconFontName>
            <iconCode>61652</iconCode>
          </icon>
          <URL>282331BE75C40FB6D299F787B7BFD38F.svg</URL>
        </control>
        <control controlID="8DB4E33D-81D5-4D69-8A7E-3F824C626C43" controlTypeID="Icon" x="1052" y="28" w="24" h="24" zOrder="8">
          <states>
            <state propName="Color" stateType="state_mouseOver" isChecked="True" value="4291611852" varType="20"/>
          </states>
          <icon>
            <ID/>
            <iconFontName>jdFontAwesome</iconFontName>
            <iconCode>61580</iconCode>
          </icon>
          <URL>24B6825248D2E3B41E6A51EC7FE24971.svg</URL>
        </control>
        <control controlID="CCE56785-FD25-42D8-B45F-0C2387CB7DD3" controlTypeID="Icon" x="1009" y="27" w="26" h="26" zOrder="9">
          <states>
            <state propName="Color" stateType="state_mouseOver" isChecked="True" value="4291611852" varType="20"/>
          </states>
          <icon>
            <ID/>
            <iconFontName>jdIonicons</iconFontName>
            <iconCode>62029</iconCode>
          </icon>
          <URL>4529DADA0AD1F8BF89E5709239A0C3BD.svg</URL>
        </control>
        <control controlID="1C7DF9AC-11D1-486B-914E-7778F4257DDA" controlTypeID="Image" x="19" y="25" w="96" h="30" zOrder="10">
          <caption>logo</caption>
        </control>
        <control controlID="6C9E122B-08B5-4F85-AF5C-4084B1E4B2A5" controlTypeID="Button" x="1228" y="0" w="172" h="80" zOrder="11">
          <states>
            <state propName="Color" stateType="state_mouseOver" isChecked="True" value="3854383616" varType="20"/>
          </states>
          <color>4290591232</color>
          <borderColor>4290591232</borderColor>
          <borderVisible>False</borderVisible>
          <font family="Segoe+UI" displayName="Segoe+UI" postScript="" weightStyle="Regular" weight="400" isBold="False" isItalic="False"/>
          <text>FREE+TRIAL</text>
          <textColor>4294967295</textColor>
          <textSize>16</textSize>
          <lineSpacing>0</lineSpacing>
          <useDefaultTextSize>False</useDefaultTextSize>
          <selectedIndex>-1</selectedIndex>
          <radius>0</radius>
          <thickness>2</thickness>
        </control>
      </groupChildrenDescriptors>
    </control>
    <control controlID="1326A7C9-47B1-428D-A6CC-8B780FB0EF22" controlTypeID="Button" x="779" y="3044" w="180" h="40" zOrder="7">
      <states>
        <state propName="Color" stateType="state_mouseOver" isChecked="True" value="3854383616" varType="20"/>
      </states>
      <color>4290591232</color>
      <borderColor>4290591232</borderColor>
      <borderVisible>False</borderVisible>
      <font family="Segoe+UI" displayName="Segoe+UI" postScript="" weightStyle="Regular" weight="400" isBold="False" isItalic="False"/>
      <text>Sign+me+up!</text>
      <textColor>4294967295</textColor>
      <textSize>16</textSize>
      <lineSpacing>0</lineSpacing>
      <useDefaultTextSize>False</useDefaultTextSize>
      <selectedIndex>-1</selectedIndex>
      <radius>0</radius>
      <thickness>2</thickness>
    </control>
    <control controlID="1823AC2D-37BB-4F34-AB7D-E124CAAD9DFB" controlTypeID="Search" x="450" y="3044" w="319" h="40" zOrder="8">
      <states>
        <state propName="Text" stateType="state_mouseDown" isChecked="True" value="" varType="256"/>
      </states>
      <borderColor>4289374890</borderColor>
      <interactiveData>
        <entry title="">
          <area shape="0" alt="" ID="{29FA7C4B-4019-4E31-89DD-D8343662FF2D}" coords="(0,0,319,40)"/>
          <events title="">
            <event eventType="atClick" isChecked="True">
              <behaviour title="" isChecked="True" isWait="False" isLoop="False" execMode="emParallel">
                <target targetID="1823AC2D-37BB-4F34-AB7D-E124CAAD9DFB" IsNeedReplaceAsSelfID="True" isChecked="True" isAutoRecovery="False" isLoop="False" execMode="emSequence">
                  <command name="Change Visibility" isChecked="False" descrition="">
                    <param name="AniInterpolation" value="1" varType="3" description=""/>
                    <param name="AniDuration" value="200" varType="3" description=""/>
                    <param name="AniAutoReverse" value="False" varType="11" description=""/>
                    <param name="AniLoop" value="False" varType="11" description=""/>
                    <param name="AniInterpolationTypeOut" value="False" varType="11" description=""/>
                    <param name="Delay" value="0" varType="3" description=""/>
                    <param name="ValueFromCurrent" value="True" varType="11" description=""/>
                    <param name="ForceFromInitValue" value="False" varType="11" description=""/>
                    <param name="ForceSetVisible" value="False" varType="11" description=""/>
                    <param name="Value" value="1" varType="3" description=""/>
                    <param name="TerminateLoopByClick" value="True" varType="11" description=""/>
                  </command>
                  <command name="Set Text" isChecked="True" descrition="">
                    <param name="AniInterpolation" value="0" varType="3" description=""/>
                    <param name="AniDuration" value="200" varType="3" description=""/>
                    <param name="AniAutoReverse" value="False" varType="11" description=""/>
                    <param name="AniLoop" value="False" varType="11" description=""/>
                    <param name="AniInterpolationTypeOut" value="False" varType="11" description=""/>
                    <param name="Delay" value="0" varType="3" description=""/>
                    <param name="FromValue" value="" varType="256" description=""/>
                    <param name="ToValue" value="Email Address" varType="256" description=""/>
                  </command>
                  <command name="Set Text Color" isChecked="True" descrition="">
                    <param name="AniInterpolation" value="0" varType="3" description=""/>
                    <param name="AniDuration" value="200" varType="3" description=""/>
                    <param name="AniAutoReverse" value="False" varType="11" description=""/>
                    <param name="AniLoop" value="False" varType="11" description=""/>
                    <param name="AniInterpolationTypeOut" value="False" varType="11" description=""/>
                    <param name="Delay" value="0" varType="3" description=""/>
                    <param name="FromValue" value="0" varType="20" description=""/>
                    <param name="ToValue" value="-16777216" varType="3" description=""/>
                  </command>
                </target>
              </behaviour>
            </event>
          </events>
        </entry>
      </interactiveData>
      <font family="Segoe+UI" displayName="Segoe+UI" postScript="" weightStyle="Regular" weight="400" isBold="False" isItalic="False"/>
      <text>Email+Address</text>
      <textSize>28</textSize>
      <textVAlign>VaTop</textVAlign>
      <lineSpacing>0</lineSpacing>
      <selectedIndex>-1</selectedIndex>
      <radius>0</radius>
    </control>
    <control controlID="63CA7D79-2025-43FC-AF2D-3CAB828B8F02" controlTypeID="Button" x="982" y="768" w="398" h="40" zOrder="9">
      <states>
        <state propName="Color" stateType="state_mouseOver" isChecked="True" value="3854383616" varType="20"/>
      </states>
      <color>4290591232</color>
      <borderColor>4290591232</borderColor>
      <borderVisible>False</borderVisible>
      <font family="Segoe+UI" displayName="Segoe+UI" postScript="" weightStyle="Regular" weight="400" isBold="False" isItalic="False"/>
      <text>Sign+me+up!</text>
      <textColor>4294967295</textColor>
      <textSize>16</textSize>
      <lineSpacing>0</lineSpacing>
      <useDefaultTextSize>False</useDefaultTextSize>
      <selectedIndex>-1</selectedIndex>
      <radius>0</radius>
      <thickness>2</thickness>
    </control>
    <control controlID="33AB9143-0A8B-44D0-AA48-E06EC3987625" controlTypeID="Search" x="982" y="418" w="334" h="40" zOrder="10">
      <states>
        <state propName="Text" stateType="state_mouseDown" isChecked="True" value="" varType="256"/>
      </states>
      <borderColor>4289374890</borderColor>
      <interactiveData>
        <entry title="">
          <area shape="0" alt="" ID="{F0BD0F42-B3DC-4C98-8682-94BF8853A4ED}" coords="(0,0,334,40)"/>
          <events title="">
            <event eventType="atClick" isChecked="True">
              <behaviour title="" isChecked="True" isWait="False" isLoop="False" execMode="emParallel">
                <target targetID="33AB9143-0A8B-44D0-AA48-E06EC3987625" IsNeedReplaceAsSelfID="True" isChecked="True" isAutoRecovery="False" isLoop="False" execMode="emSequence">
                  <command name="Change Visibility" isChecked="False" descrition="">
                    <param name="AniInterpolation" value="1" varType="3" description=""/>
                    <param name="AniDuration" value="200" varType="3" description=""/>
                    <param name="AniAutoReverse" value="False" varType="11" description=""/>
                    <param name="AniLoop" value="False" varType="11" description=""/>
                    <param name="AniInterpolationTypeOut" value="False" varType="11" description=""/>
                    <param name="Delay" value="0" varType="3" description=""/>
                    <param name="ValueFromCurrent" value="True" varType="11" description=""/>
                    <param name="ForceFromInitValue" value="False" varType="11" description=""/>
                    <param name="ForceSetVisible" value="False" varType="11" description=""/>
                    <param name="Value" value="1" varType="3" description=""/>
                    <param name="TerminateLoopByClick" value="True" varType="11" description=""/>
                  </command>
                </target>
              </behaviour>
            </event>
          </events>
        </entry>
      </interactiveData>
      <font family="Segoe+UI" displayName="Segoe+UI" postScript="" weightStyle="Regular" weight="400" isBold="False" isItalic="False"/>
      <text>search</text>
      <textSize>28</textSize>
      <textVAlign>VaTop</textVAlign>
      <lineSpacing>0</lineSpacing>
      <selectedIndex>-1</selectedIndex>
      <radius>0</radius>
    </control>
    <control controlID="9B79D649-7FFE-44EE-997E-4B15D8A0E46F" controlTypeID="__group__" x="1331" y="418" w="50" h="40" zOrder="11">
      <groupChildrenDescriptors>
        <control controlID="6F19AEC0-253B-4D1F-AD9B-34F9C3B6C782" controlTypeID="Button" x="0" y="0" w="50" h="40" zOrder="0">
          <states>
            <state propName="Color" stateType="state_mouseOver" isChecked="True" value="3854383616" varType="20"/>
          </states>
          <color>4290591232</color>
          <borderColor>4290591232</borderColor>
          <borderVisible>False</borderVisible>
          <font family="Segoe+UI" displayName="Segoe+UI" postScript="" weightStyle="Regular" weight="400" isBold="False" isItalic="False"/>
          <textColor>4294967295</textColor>
          <textSize>16</textSize>
          <lineSpacing>0</lineSpacing>
          <useDefaultTextSize>False</useDefaultTextSize>
          <selectedIndex>-1</selectedIndex>
          <radius>0</radius>
          <thickness>2</thickness>
        </control>
        <control controlID="B023CB41-AB15-4F8A-8BFD-ACE70DF59C69" controlTypeID="Icon" x="13" y="8" w="24" h="24" zOrder="1">
          <color>4294967295</color>
          <icon>
            <ID/>
            <iconFontName>jdIonicons</iconFontName>
            <iconCode>62197</iconCode>
          </icon>
          <URL>3A3CD3DB2FAE85FFEF2A8996E634645D.svg</URL>
        </control>
      </groupChildrenDescriptors>
    </control>
    <control controlID="BF92574D-EB61-46BC-B6AA-55416DB08B2E" controlTypeID="Icon" x="1131" y="495" w="100" h="100" zOrder="12">
      <color>4290591232</color>
      <icon>
        <ID/>
        <iconFontName>jdIonicons</iconFontName>
        <iconCode>62498</iconCode>
      </icon>
      <URL>28CAC8B5F3DA0602E0DF8897FD0F0A97.svg</URL>
    </control>
    <control controlID="3E182A24-1C30-4D3D-A144-CCC5E08A8209" controlTypeID="TextInput" x="982" y="704" w="398" h="40" zOrder="13">
      <states>
        <state propName="Text" stateType="state_mouseDown" isChecked="True" value="" varType="256"/>
      </states>
      <borderColor>4289374890</borderColor>
      <interactiveData>
        <entry title="">
          <area shape="0" alt="" ID="{C7B130D0-1693-43C2-9B64-B258AFB6728D}" coords="(0,0,398,40)"/>
          <events title="">
            <event eventType="atClick" isChecked="True">
              <behaviour title="" isChecked="True" isWait="False" isLoop="False" execMode="emParallel">
                <target targetID="3E182A24-1C30-4D3D-A144-CCC5E08A8209" IsNeedReplaceAsSelfID="True" isChecked="True" isAutoRecovery="False" isLoop="False" execMode="emSequence">
                  <command name="Change Visibility" isChecked="False" descrition="">
                    <param name="AniInterpolation" value="1" varType="3" description=""/>
                    <param name="AniDuration" value="200" varType="3" description=""/>
                    <param name="AniAutoReverse" value="False" varType="11" description=""/>
                    <param name="AniLoop" value="False" varType="11" description=""/>
                    <param name="AniInterpolationTypeOut" value="False" varType="11" description=""/>
                    <param name="Delay" value="0" varType="3" description=""/>
                    <param name="ValueFromCurrent" value="True" varType="11" description=""/>
                    <param name="ForceFromInitValue" value="False" varType="11" description=""/>
                    <param name="ForceSetVisible" value="False" varType="11" description=""/>
                    <param name="Value" value="1" varType="3" description=""/>
                    <param name="TerminateLoopByClick" value="True" varType="11" description=""/>
                  </command>
                </target>
              </behaviour>
            </event>
          </events>
        </entry>
      </interactiveData>
      <font family="Segoe+UI" displayName="Segoe+UI" postScript="" weightStyle="Regular" weight="400" isBold="False" isItalic="False"/>
      <text>Email+Address</text>
      <textSize>28</textSize>
      <lineSpacing>0</lineSpacing>
      <selectedIndex>-1</selectedIndex>
    </control>
    <control controlID="4CEC819C-5543-4F37-88F4-E7F387E7D59A" controlTypeID="Repeater" x="982" y="903" w="383" h="490" zOrder="14">
      <color>16777215</color>
      <groupChildrenDescriptors>
        <control controlID="430809FD-CC7B-4BA2-BA8E-892BABD25AB2" controlTypeID="RepeaterItem" x="0" y="0" w="383" h="150" zOrder="0" repeatID="4E0780BC-9BEF-4AF4-B9C9-EF1816D1E4A3">
          <canMove>False</canMove>
          <groupChildrenDescriptors>
            <control controlID="36CDF832-2454-4F36-8AD2-4F636CF8ED5C" controlTypeID="TextArea" x="209" y="0" w="174" h="25" zOrder="0" repeatID="8D131E63-2F36-4DD1-89D8-1D8136D6692D">
              <font family="Segoe+UI" displayName="Segoe+UI" postScript="" weightStyle="Regular" weight="400" isBold="False" isItalic="False"/>
              <text>Auto+Data+Fill</text>
              <textColor>4284900966</textColor>
              <textSize>16</textSize>
              <useDefaultTextSize>False</useDefaultTextSize>
              <selectedIndex>-1</selectedIndex>
            </control>
            <control controlID="550951D6-6EB2-473E-95EB-BD9674D41A98" controlTypeID="Image" x="0" y="0" w="150" h="150" zOrder="1" repeatID="D4E513B1-BE34-41F1-B110-7A3BAF431119"/>
          </groupChildrenDescriptors>
        </control>
        <control controlID="25853CA9-3EB9-4FC1-A452-0B8167F662C8" controlTypeID="RepeaterItem" x="0" y="170" w="383" h="150" zOrder="1" repeatID="4E0780BC-9BEF-4AF4-B9C9-EF1816D1E4A3">
          <canMove>False</canMove>
          <groupChildrenDescriptors>
            <control controlID="03AFB067-C67F-446B-B992-6687DBC1898C" controlTypeID="TextArea" x="209" y="0" w="174" h="25" zOrder="0" repeatID="8D131E63-2F36-4DD1-89D8-1D8136D6692D">
              <font family="Segoe+UI" displayName="Segoe+UI" postScript="" weightStyle="Regular" weight="400" isBold="False" isItalic="False"/>
              <text>Auto+Data+Fill</text>
              <textColor>4284900966</textColor>
              <textSize>16</textSize>
              <useDefaultTextSize>False</useDefaultTextSize>
              <selectedIndex>-1</selectedIndex>
            </control>
            <control controlID="A5A18113-BA11-4435-83D8-BB110A913465" controlTypeID="Image" x="0" y="0" w="150" h="150" zOrder="1" repeatID="D4E513B1-BE34-41F1-B110-7A3BAF431119"/>
          </groupChildrenDescriptors>
          <row>1</row>
        </control>
        <control controlID="DBB551D2-6604-4201-B9EF-2653DB965865" controlTypeID="RepeaterItem" x="0" y="340" w="383" h="150" zOrder="2" repeatID="4E0780BC-9BEF-4AF4-B9C9-EF1816D1E4A3">
          <canMove>False</canMove>
          <groupChildrenDescriptors>
            <control controlID="3374F979-FB6D-4854-B4D8-1BE166A4706E" controlTypeID="TextArea" x="209" y="0" w="174" h="25" zOrder="0" repeatID="8D131E63-2F36-4DD1-89D8-1D8136D6692D">
              <font family="Segoe+UI" displayName="Segoe+UI" postScript="" weightStyle="Regular" weight="400" isBold="False" isItalic="False"/>
              <text>Auto+Data+Fill</text>
              <textColor>4284900966</textColor>
              <textSize>16</textSize>
              <useDefaultTextSize>False</useDefaultTextSize>
              <selectedIndex>-1</selectedIndex>
            </control>
            <control controlID="34A9D5D0-9BF9-450E-A81B-2341BD5E14DC" controlTypeID="Image" x="0" y="0" w="150" h="150" zOrder="1" repeatID="D4E513B1-BE34-41F1-B110-7A3BAF431119"/>
          </groupChildrenDescriptors>
          <row>2</row>
        </control>
      </groupChildrenDescriptors>
      <dashMode>SdSolid</dashMode>
      <separatorColor>4291875024</separatorColor>
      <separatorDashMode>SdSolid</separatorDashMode>
      <itemWidth>383</itemWidth>
      <itemHeight>150</itemHeight>
    </control>
    <control controlID="1C9F8CC9-590C-4D38-B1E7-8F74A66235DF" controlTypeID="Master" x="1142" y="42" w="238" h="19" zOrder="15" masterID="F21DDD7C-5FFF-4C9B-BD85-0CEAC5252BD1">
      <groupChildrenDescriptors>
        <control controlID="CD2AEA1C-DDB1-443E-80E8-55BAD4C60F00" controlTypeID="Label" x="29" y="0" w="33" h="19" zOrder="0">
          <states>
            <state propName="TextColor" stateType="state_mouseOver" isChecked="True" value="4281545523" varType="20"/>
          </states>
          <font family="Segoe+UI" displayName="Segoe+UI" postScript="" weightStyle="Regular" weight="400" isBold="False" isItalic="False"/>
          <text>Login</text>
          <textColor>4288256409</textColor>
          <lineSpacing>0</lineSpacing>
          <selectedIndex>-1</selectedIndex>
        </control>
        <control controlID="51E759C6-98C4-4DBE-A309-D4ACA57C187F" controlTypeID="Label" x="93" y="0" w="50" h="19" zOrder="1">
          <states>
            <state propName="TextColor" stateType="state_mouseOver" isChecked="True" value="4281545523" varType="20"/>
          </states>
          <font family="Segoe+UI" displayName="Segoe+UI" postScript="" weightStyle="Regular" weight="400" isBold="False" isItalic="False"/>
          <text>Register</text>
          <textColor>4288256409</textColor>
          <lineSpacing>0</lineSpacing>
          <selectedIndex>-1</selectedIndex>
        </control>
        <control controlID="17F92A82-729E-410D-AB41-67AEF87041B3" controlTypeID="Label" x="164" y="0" w="63" h="19" zOrder="2">
          <states>
            <state propName="TextColor" stateType="state_mouseOver" isChecked="True" value="4281545523" varType="20"/>
          </states>
          <font family="Segoe+UI" displayName="Segoe+UI" postScript="" weightStyle="Regular" weight="400" isBold="False" isItalic="False"/>
          <text>%5B+Chinese+%5D</text>
          <textColor>4288256409</textColor>
          <lineSpacing>0</lineSpacing>
          <selectedIndex>-1</selectedIndex>
        </control>
        <control controlID="801F1AA5-ACE7-4221-A960-F8535F58E205" controlTypeID="Icon" x="0" y="1" w="18" h="18" zOrder="3">
          <icon>
            <ID/>
            <iconFontName>jdIonicons</iconFontName>
            <iconCode>62368</iconCode>
          </icon>
          <URL>B91434690C5B5224D1CC6B1998F1178A.svg</URL>
        </control>
        <control controlID="DAE48EBC-0F33-488F-AC8A-B334D1F67744" controlTypeID="VRule" x="74" y="5" w="12" h="10" zOrder="4">
          <color>4290493371</color>
        </control>
      </groupChildrenDescriptors>
    </control>
    <control controlID="1CA20D82-C86F-4B32-91EB-CF458FF07C61" controlTypeID="Image" x="103" y="36" w="96" h="30" zOrder="16">
      <caption>logo</caption>
    </control>
    <control controlID="E98CE4BA-A1DC-4E26-91EB-C22B7610E3B9" controlTypeID="Label" x="473" y="32" w="79" h="38" zOrder="17">
      <font family="Segoe+UI" displayName="Segoe+UI" postScript="" weightStyle="Regular" weight="400" isBold="False" isItalic="False"/>
      <text>HOME</text>
      <textSize>28</textSize>
      <lineSpacing>0</lineSpacing>
      <selectedIndex>-1</selectedIndex>
    </control>
    <control controlID="D11EEC01-87A4-443F-A79D-8E932CB3D435" controlTypeID="Label" x="601" y="32" w="133" h="38" zOrder="18">
      <font family="Segoe+UI" displayName="Segoe+UI" postScript="" weightStyle="Regular" weight="400" isBold="False" isItalic="False"/>
      <text>MY+ARTIST</text>
      <textSize>28</textSize>
      <lineSpacing>0</lineSpacing>
      <selectedIndex>-1</selectedIndex>
    </control>
    <control controlID="27F52BB1-7F3B-4FAE-8DE7-7E4AADEEEF0D" controlTypeID="Label" x="762" y="32" w="165" h="38" zOrder="19">
      <font family="Segoe+UI" displayName="Segoe+UI" postScript="" weightStyle="Regular" weight="400" isBold="False" isItalic="False"/>
      <text>MY+STREAMS</text>
      <textSize>28</textSize>
      <lineSpacing>0</lineSpacing>
      <selectedIndex>-1</selectedIndex>
    </control>
    <control controlID="F4A03E45-6D53-4291-A30C-91D66F127FF8" controlTypeID="Label" x="958" y="32" w="151" h="38" zOrder="20">
      <font family="Segoe+UI" displayName="Segoe+UI" postScript="" weightStyle="Regular" weight="400" isBold="False" isItalic="False"/>
      <text>MY+SHOUTS</text>
      <textSize>28</textSize>
      <lineSpacing>0</lineSpacing>
      <selectedIndex>-1</selectedIndex>
    </control>
  </controls>
  <param>
    <backgroundColor>4293190884</backgroundColor>
    <fontSize>28</fontSize>
    <fontFamily>Segoe+UI</fontFamily>
    <guideLines>
      <guideLine isLocked="False" isHori="True" value="26"/>
      <guideLine isLocked="False" isHori="True" value="1374"/>
      <guideLine isLocked="False" isHori="False" value="38"/>
      <guideLine isLocked="False" isHori="False" value="1000"/>
      <guideLine isLocked="False" isHori="True" value="726"/>
      <guideLine isLocked="False" isHori="False" value="76"/>
      <guideLine isLocked="False" isHori="True" value="888"/>
      <guideLine isLocked="False" isHori="True" value="1226"/>
      <guideLine isLocked="False" isHori="True" value="94"/>
      <guideLine isLocked="False" isHori="True" value="200"/>
      <guideLine isLocked="False" isHori="True" value="856"/>
      <guideLine isLocked="False" isHori="True" value="982"/>
      <guideLine isLocked="False" isHori="False" value="2394"/>
      <guideLine isLocked="False" isHori="True" value="1188"/>
    </guideLines>
  </param>
</mockup>