﻿<mockup version="5.3" minAllowVersion="5.3" ID="2781DBA1-A02C-448A-A3AE-53C0C29D05D9" platform="MtWeb" defaultW="1400" defaultH="1450" measureW="1400" measureH="1450" mobileScreenScale="0">
  <controls controlCount="63">
    <control controlID="FFA3625D-EFE0-4B4C-AED0-FE7D1D5A560E" controlTypeID="Shape" x="0" y="312" w="1400" h="524" zOrder="0">
      <color>4294177779</color>
      <borderColor>4281808953</borderColor>
      <borderVisible>False</borderVisible>
      <font family="Segoe+UI" displayName="Segoe+UI" postScript="" weightStyle="Regular" weight="400" isBold="False" isItalic="False"/>
      <textSize>28</textSize>
      <selectedIndex>-1</selectedIndex>
    </control>
    <control controlID="2BF62165-38D8-4C83-B4B3-78E348EE9C41" controlTypeID="Image" x="0" y="0" w="1400" h="1445" zOrder="1">
      <opacity>0.850000023841858</opacity>
      <URL>539D4D7FD21DB58B55AD7CFA1C51A47B.jpg</URL>
      <showText>False</showText>
    </control>
    <control controlID="0BD2F298-3ACD-4FA3-A2A9-3BA7CFE50F1F" controlTypeID="Line" x="988" y="4403" w="68" h="4" zOrder="2">
      <color>4290591232</color>
      <font family="Segoe+UI" displayName="Segoe+UI" postScript="" weightStyle="Regular" weight="400" isBold="False" isItalic="False"/>
      <textColor>4290591232</textColor>
      <textSize>28</textSize>
      <lineSpacing>0</lineSpacing>
      <selectedIndex>-1</selectedIndex>
      <controlPoint>(34,2)</controlPoint>
      <startPoint>(2,2)</startPoint>
      <endPoint>(67,2)</endPoint>
      <thickness>3</thickness>
    </control>
    <control controlID="725CCC57-0541-4DBF-A797-146BA0CA36FF" controlTypeID="Label" x="687" y="59" w="165" h="38" zOrder="3">
      <links eventType="AtClick" animate="AmNone" animateAutoDelay="0" animateDuration="500">
        <link targetPageID="D787943C-55CB-4922-8217-BECC080E3C57" linkType="ltPageLink" isApplyIncludePage="False" title="My+stream">
          <area shape="0" alt="" ID="{8539AD26-BC87-44CE-AD47-776DBC340F76}" coords="(0,0,165,38)"/>
        </link>
      </links>
      <font family="Segoe+UI" displayName="Segoe+UI" postScript="" weightStyle="Regular" weight="400" isBold="False" isItalic="False"/>
      <text>MY+STREAMS</text>
      <textColor>4294967295</textColor>
      <textSize>28</textSize>
      <lineSpacing>0</lineSpacing>
      <selectedIndex>-1</selectedIndex>
    </control>
    <control controlID="8B6BA446-4E18-47AF-9D52-786FCDCBD1B6" controlTypeID="Label" x="500" y="58" w="133" h="38" zOrder="4">
      <links eventType="AtClick" animate="AmNone" animateAutoDelay="0" animateDuration="500">
        <link targetPageID="BD193AFF-70A0-41C2-A87E-D5AA02699736" linkType="ltPageLink" isApplyIncludePage="False" title="My+Artist">
          <area shape="0" alt="" ID="{278B7093-39C4-470B-8FF6-0DF93156D78C}" coords="(0,0,133,38)"/>
        </link>
      </links>
      <font family="Segoe+UI" displayName="Segoe+UI" postScript="" weightStyle="Regular" weight="400" isBold="False" isItalic="False"/>
      <text>MY+ARTIST</text>
      <textColor>4294967295</textColor>
      <textSize>28</textSize>
      <lineSpacing>0</lineSpacing>
      <selectedIndex>-1</selectedIndex>
    </control>
    <control controlID="218DC1DC-AA39-41F0-9A17-00542C757E9A" controlTypeID="Search" x="962" y="264" w="405" h="36" zOrder="5">
      <font family="Segoe+UI" displayName="Segoe+UI" postScript="" weightStyle="Regular" weight="400" isBold="False" isItalic="False"/>
      <text>Search+for+music+you+love+</text>
      <textColor>2046820352</textColor>
      <textSize>20</textSize>
      <textVAlign>VaTop</textVAlign>
      <lineSpacing>0</lineSpacing>
      <useDefaultTextSize>False</useDefaultTextSize>
      <selectedIndex>-1</selectedIndex>
    </control>
    <control controlID="D880D9F2-F96E-401A-9BDC-6E6864970DAB" controlTypeID="Label" x="374" y="58" w="79" h="38" zOrder="6">
      <links eventType="AtClick" animate="AmNone" animateAutoDelay="0" animateDuration="500">
        <link targetPageID="4A0D339D-9182-425A-A673-178FA0C98669" linkType="ltPageLink" isApplyIncludePage="False" title="HOME">
          <area shape="0" alt="" ID="{BFEB97F7-DC04-47E0-A149-872ED9FE25F9}" coords="(0,0,79,38)"/>
        </link>
      </links>
      <font family="Segoe+UI" displayName="Segoe+UI" postScript="" weightStyle="Regular" weight="400" isBold="False" isItalic="False"/>
      <text>HOME</text>
      <textColor>4294967295</textColor>
      <textSize>28</textSize>
      <lineSpacing>0</lineSpacing>
      <selectedIndex>-1</selectedIndex>
    </control>
    <control controlID="02916428-4BA1-4814-9944-6245430202EF" controlTypeID="Button" x="895" y="58" w="161" h="44" zOrder="7">
      <color>4294111986</color>
      <borderVisible>False</borderVisible>
      <links eventType="AtClick" animate="AmNone" animateAutoDelay="0" animateDuration="500">
        <link targetPageID="2781DBA1-A02C-448A-A3AE-53C0C29D05D9" linkType="ltPageLink" isApplyIncludePage="False" title="My+Shouts">
          <area shape="0" alt="" ID="{39BA0992-1E6B-45A1-B888-E20E8F151352}" coords="(0,0,161,44)"/>
        </link>
      </links>
      <font family="Segoe+UI" displayName="Segoe+UI" postScript="" weightStyle="Regular" weight="400" isBold="False" isItalic="False" useDefaultFontFamily="False"/>
      <text>MY+SHOUTS</text>
      <textSize>28</textSize>
      <lineSpacing>0</lineSpacing>
      <useDefaultTextSize>False</useDefaultTextSize>
      <selectedIndex>-1</selectedIndex>
    </control>
    <control controlID="E269EF08-92BF-45BB-BFB5-DD206A02FDF8" controlTypeID="Icon" x="1133" y="65" w="24" h="24" zOrder="8">
      <color>4294967295</color>
      <icon>
        <ID/>
        <iconFontName>jdIonicons</iconFontName>
        <iconCode>62368</iconCode>
      </icon>
      <URL>B91434690C5B5224D1CC6B1998F1178A.svg</URL>
    </control>
    <control controlID="08CE4654-FA1A-47B7-A874-9B8D6FB43BAD" controlTypeID="Label" x="1186" y="58" w="67" h="38" zOrder="9">
      <links eventType="AtClick" animate="AmNone" animateAutoDelay="0" animateDuration="500">
        <link targetPageID="A8DB2508-17C8-4108-87DB-6F4A73B2CD29" linkType="ltPageLink" isApplyIncludePage="False" title="Login">
          <area shape="0" alt="" ID="{E73BB8F1-986D-4122-840E-EC0234784E7A}" coords="(0,0,67,38)"/>
        </link>
      </links>
      <font family="Segoe+UI" displayName="Segoe+UI" postScript="" weightStyle="Regular" weight="400" isBold="False" isItalic="False"/>
      <text>Login+</text>
      <textColor>4294967295</textColor>
      <textSize>28</textSize>
      <lineSpacing>0</lineSpacing>
      <selectedIndex>-1</selectedIndex>
    </control>
    <control controlID="D8234E72-5FC7-4D26-9020-4453BDBE64FB" controlTypeID="Label" x="1268" y="58" w="99" h="38" zOrder="10">
      <interactiveData>
        <entry title="">
          <area shape="0" alt="" ID="{8595594D-77DC-425E-8BF5-08D0A9A02090}" coords="(0,0,99,38)"/>
          <events title="">
            <event eventType="atClick" isChecked="True">
              <behaviour title="" isChecked="True" isWait="False" isLoop="False" execMode="emParallel">
                <target targetID="2BF62165-38D8-4C83-B4B3-78E348EE9C41" isChecked="True" isAutoRecovery="False" isLoop="False" execMode="emSequence">
                  <command name="Change Visibility" isChecked="True" descrition="">
                    <param name="AniInterpolation" value="1" varType="3" description=""/>
                    <param name="AniDuration" value="200" varType="3" description=""/>
                    <param name="AniAutoReverse" value="False" varType="11" description=""/>
                    <param name="AniLoop" value="False" varType="11" description=""/>
                    <param name="AniInterpolationTypeOut" value="False" varType="11" description=""/>
                    <param name="Delay" value="0" varType="3" description=""/>
                    <param name="ValueFromCurrent" value="True" varType="11" description=""/>
                    <param name="ForceFromInitValue" value="False" varType="11" description=""/>
                    <param name="ForceSetVisible" value="False" varType="11" description=""/>
                    <param name="Value" value="2" varType="3" description=""/>
                    <param name="TerminateLoopByClick" value="True" varType="11" description=""/>
                  </command>
                </target>
              </behaviour>
            </event>
          </events>
        </entry>
      </interactiveData>
      <font family="Segoe+UI" displayName="Segoe+UI" postScript="" weightStyle="Regular" weight="400" isBold="False" isItalic="False"/>
      <text>Register</text>
      <textColor>4294967295</textColor>
      <textSize>28</textSize>
      <lineSpacing>0</lineSpacing>
      <selectedIndex>-1</selectedIndex>
    </control>
    <control controlID="7A65A198-6C64-4D31-A6DC-A4136073C097" controlTypeID="Master" x="0" y="1359" w="1400" h="91" zOrder="11" masterID="24338112-78F9-4D38-8F21-F0FAFA2D27E7">
      <groupChildrenDescriptors>
        <control controlID="CE15E456-AF50-4AC6-9E66-1D591309DF09" controlTypeID="__group__" x="0" y="0" w="1400" h="91" zOrder="0">
          <groupChildrenDescriptors>
            <control controlID="5A365DFF-64A5-4DB0-87C5-EB8C44CC868D" controlTypeID="Shape" x="0" y="0" w="1400" h="91" zOrder="0">
              <color>4289638062</color>
              <font family="" displayName="%E5%BE%AE%E8%BD%AF%E9%9B%85%E9%BB%91" postScript="" weightStyle="Regular" weight="400" isBold="False" isItalic="False"/>
              <textColor>4289638062</textColor>
              <textSize>14</textSize>
              <selectedIndex>-1</selectedIndex>
            </control>
            <control controlID="E540E011-050C-4123-A8FE-D0505ADB1AA4" controlTypeID="Label" x="1124" y="38" w="88" h="27" zOrder="1">
              <font family="" displayName="%E5%BE%AE%E8%BD%AF%E9%9B%85%E9%BB%91" postScript="" weightStyle="Regular" weight="400" isBold="False" isItalic="False"/>
              <text>Follow+Us%3A</text>
              <textSize>20</textSize>
              <lineSpacing>0</lineSpacing>
              <useDefaultTextSize>False</useDefaultTextSize>
              <selectedIndex>-1</selectedIndex>
            </control>
            <control controlID="EBE4C5DC-072F-47B1-89CC-216DE9E9CA6A" controlTypeID="Label" x="45" y="38" w="369" h="27" zOrder="2">
              <color>16777215</color>
              <font family="" displayName="%E5%BE%AE%E8%BD%AF%E9%9B%85%E9%BB%91" postScript="" weightStyle="Regular" weight="400" isBold="False" isItalic="False"/>
              <text>%C2%A9+2018+J2SM+Software+All+rights+reserved.</text>
              <textSize>20</textSize>
              <textAlign>HaCenter</textAlign>
              <lineSpacing>0</lineSpacing>
              <useDefaultTextSize>False</useDefaultTextSize>
              <selectedIndex>-1</selectedIndex>
            </control>
            <control controlID="CF4CA50A-8376-4855-912E-E13396092139" controlTypeID="Icon" x="1276" y="40" w="24" h="24" zOrder="3">
              <states>
                <state propName="Color" stateType="state_mouseOver" isChecked="True" value="4291611852" varType="20"/>
              </states>
              <color>4278229503</color>
              <icon>
                <ID/>
                <iconFontName>jdFontAwesome</iconFontName>
                <iconCode>61570</iconCode>
              </icon>
              <URL>4CEBA48D845888E06C868951A5E1A875.svg</URL>
            </control>
            <control controlID="41756227-9343-49D6-9897-6D68B4E538C2" controlTypeID="Icon" x="1317" y="40" w="24" h="24" zOrder="4">
              <states>
                <state propName="Color" stateType="state_mouseOver" isChecked="True" value="4291611852" varType="20"/>
              </states>
              <color>4281571839</color>
              <icon>
                <ID/>
                <iconFontName>jdFontAwesome</iconFontName>
                <iconCode>61569</iconCode>
              </icon>
              <URL>520A776503D70E7FC53BE8D209CC96C1.svg</URL>
            </control>
            <control controlID="EE590040-456A-4E98-9783-771AF06FAC3D" controlTypeID="Icon" x="1356" y="40" w="24" h="24" zOrder="5">
              <states>
                <state propName="Color" stateType="state_mouseOver" isChecked="True" value="4291611852" varType="20"/>
              </states>
              <color>4290591232</color>
              <icon>
                <ID/>
                <iconFontName>jdFontAwesome</iconFontName>
                <iconCode>61652</iconCode>
              </icon>
              <URL>282331BE75C40FB6D299F787B7BFD38F.svg</URL>
            </control>
            <control controlID="0262F95E-6261-4569-9C2F-40D0730F0F20" controlTypeID="Icon" x="1232" y="38" w="28" h="28" zOrder="6">
              <states>
                <state propName="Color" stateType="state_mouseOver" isChecked="True" value="4291611852" varType="20"/>
              </states>
              <color>4290591232</color>
              <icon>
                <ID/>
                <iconFontName>jdIonicons</iconFontName>
                <iconCode>62029</iconCode>
              </icon>
              <URL>4529DADA0AD1F8BF89E5709239A0C3BD.svg</URL>
            </control>
          </groupChildrenDescriptors>
        </control>
      </groupChildrenDescriptors>
    </control>
    <control controlID="B3FD8BEC-1097-44BC-B1DF-7CD8B99E26FE" controlTypeID="Line" x="-5" y="352" w="1405" h="4" zOrder="12">
      <color>4294967295</color>
      <font family="Segoe+UI" displayName="Segoe+UI" postScript="" weightStyle="Regular" weight="400" isBold="False" isItalic="False"/>
      <textColor>4294967295</textColor>
      <textSize>28</textSize>
      <lineSpacing>0</lineSpacing>
      <selectedIndex>-1</selectedIndex>
      <controlPoint>(704,2)</controlPoint>
      <startPoint>(2,2)</startPoint>
      <endPoint>(1405,2)</endPoint>
      <thickness>4</thickness>
    </control>
    <control controlID="5BDB83D2-02B0-4AFE-8686-6F7B1649DEED" controlTypeID="BreadCrumbs" x="40" y="379" w="216" h="38" zOrder="13">
      <links eventType="AtClick" animate="AmNone" animateAutoDelay="0" animateDuration="500">
        <link targetPageID="4A0D339D-9182-425A-A673-178FA0C98669" linkType="ltPageLink" isApplyIncludePage="False" title="HOME">
          <area shape="0" alt="" ID="{4D6ABCE5-B513-4010-B515-88115FB063E0}" coords="(0,0,74,38)"/>
        </link>
        <link targetPageID="D787943C-55CB-4922-8217-BECC080E3C57" linkType="ltPageLink" isApplyIncludePage="False" title="My+Shouts">
          <area shape="0" alt="" ID="{A4DD4601-0C7F-4B5C-A203-639F84ED970E}" coords="(86,0,216,38)"/>
        </link>
      </links>
      <interactiveData>
        <entry title="Home">
          <area shape="0" alt="" ID="{A98692B9-AEA9-4043-A3CF-87F97B2AEE09}" coords="(0,0,74,38)"/>
          <events title="">
            <event eventType="atClick" isChecked="True">
              <behaviour title="" isChecked="True" isWait="False" isLoop="False" execMode="emParallel">
                <target targetID="D880D9F2-F96E-401A-9BDC-6E6864970DAB" isChecked="True" isAutoRecovery="False" isLoop="False" execMode="emSequence">
                  <command name="Change Visibility" isChecked="True" descrition="">
                    <param name="AniInterpolation" value="1" varType="3" description=""/>
                    <param name="AniDuration" value="200" varType="3" description=""/>
                    <param name="AniAutoReverse" value="False" varType="11" description=""/>
                    <param name="AniLoop" value="False" varType="11" description=""/>
                    <param name="AniInterpolationTypeOut" value="False" varType="11" description=""/>
                    <param name="Delay" value="0" varType="3" description=""/>
                    <param name="ValueFromCurrent" value="True" varType="11" description=""/>
                    <param name="ForceFromInitValue" value="False" varType="11" description=""/>
                    <param name="ForceSetVisible" value="False" varType="11" description=""/>
                    <param name="Value" value="2" varType="3" description=""/>
                    <param name="TerminateLoopByClick" value="True" varType="11" description=""/>
                  </command>
                </target>
              </behaviour>
            </event>
          </events>
        </entry>
        <entry title="My+Shouts">
          <area shape="0" alt="" ID="{137052CD-D79A-46D9-AB98-B2FC5F285697}" coords="(86,0,216,38)"/>
          <events title=""/>
        </entry>
      </interactiveData>
      <font family="Segoe+UI" displayName="Segoe+UI" postScript="" weightStyle="Regular" weight="400" isBold="False" isItalic="False"/>
      <text>Home%2CMy+Shouts</text>
      <textColor>4294967295</textColor>
      <textSize>28</textSize>
      <lineSpacing>0</lineSpacing>
      <useDefaultTextSize>False</useDefaultTextSize>
    </control>
    <control controlID="99FBCF35-C9F6-4D28-8892-1BC7FE626592" controlTypeID="Label" x="54" y="444" w="228" h="54" zOrder="14">
      <font family="Segoe+UI" displayName="Segoe+UI" postScript="" weightStyle="Regular" weight="400" isBold="False" isItalic="False"/>
      <text>Create+Shout</text>
      <textColor>4294967295</textColor>
      <textSize>40</textSize>
      <lineSpacing>0</lineSpacing>
      <useDefaultTextSize>False</useDefaultTextSize>
      <selectedIndex>-1</selectedIndex>
    </control>
    <control controlID="ACEA8727-AFF2-4664-BC5E-52A1AC3B5C43" controlTypeID="TextInput" x="54" y="556" w="680" h="344" zOrder="15">
      <font family="Segoe+UI" displayName="Segoe+UI" postScript="" weightStyle="Regular" weight="400" isBold="False" isItalic="False" useDefaultFontFamily="False"/>
      <textSize>12</textSize>
      <lineSpacing>0</lineSpacing>
      <selectedIndex>-1</selectedIndex>
      <radius>8</radius>
    </control>
    <control controlID="0D30C5C2-9EBA-423D-A8D7-ADA0A80D41E2" controlTypeID="Label" x="54" y="508" w="147" h="38" zOrder="16">
      <font family="Segoe+UI" displayName="Segoe+UI" postScript="" weightStyle="Regular" weight="400" isBold="False" isItalic="False"/>
      <text>Your+Words%3A</text>
      <textColor>4294967295</textColor>
      <textSize>28</textSize>
      <lineSpacing>0</lineSpacing>
      <selectedIndex>-1</selectedIndex>
    </control>
    <control controlID="896B56C9-40EA-40F1-BA4D-4F8CD352FB2B" controlTypeID="Label" x="54" y="928" w="132" h="38" zOrder="17">
      <font family="Segoe+UI" displayName="Segoe+UI" postScript="" weightStyle="Regular" weight="400" isBold="False" isItalic="False"/>
      <text>Tag+Artists%3A</text>
      <textColor>4294967295</textColor>
      <textSize>28</textSize>
      <lineSpacing>0</lineSpacing>
      <useDefaultTextSize>False</useDefaultTextSize>
      <selectedIndex>-1</selectedIndex>
    </control>
    <control controlID="93C34671-59DA-42B3-AB7E-218E71567B0F" controlTypeID="Label" x="54" y="985" w="144" h="38" zOrder="18">
      <font family="Segoe+UI" displayName="Segoe+UI" postScript="" weightStyle="Regular" weight="400" isBold="False" isItalic="False"/>
      <text>Tag+Friedns%3A</text>
      <textColor>4294967295</textColor>
      <textSize>28</textSize>
      <lineSpacing>0</lineSpacing>
      <useDefaultTextSize>False</useDefaultTextSize>
      <selectedIndex>-1</selectedIndex>
    </control>
    <control controlID="AE823061-F3C7-484D-BCA0-769E93BFFF28" controlTypeID="TextInput" x="240" y="989" w="494" h="31" zOrder="19">
      <font family="Segoe+UI" displayName="Segoe+UI" postScript="" weightStyle="Regular" weight="400" isBold="False" isItalic="False"/>
      <textSize>28</textSize>
      <lineSpacing>0</lineSpacing>
      <selectedIndex>-1</selectedIndex>
    </control>
    <control controlID="B2578B9D-73FC-4429-80BB-C3BBE9EFFCA1" controlTypeID="Label" x="247" y="992" w="200" h="24" zOrder="20">
      <font family="Segoe+UI" displayName="Segoe+UI" postScript="" weightStyle="Regular" weight="400" isBold="False" isItalic="False"/>
      <text>@Alan%2C+@John%2C+@Tommy</text>
      <textColor>1627389952</textColor>
      <textSize>18</textSize>
      <lineSpacing>0</lineSpacing>
      <useDefaultTextSize>False</useDefaultTextSize>
      <selectedIndex>-1</selectedIndex>
    </control>
    <control controlID="9DC007D6-80BA-481B-AF3F-250283B59B5F" controlTypeID="Button" x="352" y="930" w="85" h="35" zOrder="21">
      <font family="Segoe+UI" displayName="Segoe+UI" postScript="" weightStyle="Regular" weight="400" isBold="False" isItalic="False" useDefaultFontFamily="False"/>
      <text>.+++++++Avicii</text>
      <textSize>12</textSize>
      <lineSpacing>0</lineSpacing>
      <selectedIndex>-1</selectedIndex>
      <radius>100</radius>
      <radiusIsPercent>True</radiusIsPercent>
    </control>
    <control controlID="D81F813A-32BD-4748-A277-ADC6F8DB68B9" controlTypeID="Button" x="462" y="930" w="93" h="35" zOrder="22">
      <font family="Segoe+UI" displayName="Segoe+UI" postScript="" weightStyle="Regular" weight="400" isBold="False" isItalic="False" useDefaultFontFamily="False"/>
      <text>.++++++++++++Nucleya</text>
      <textSize>12</textSize>
      <lineSpacing>0</lineSpacing>
      <selectedIndex>-1</selectedIndex>
      <radius>100</radius>
      <radiusIsPercent>True</radiusIsPercent>
    </control>
    <control controlID="501B979F-ED93-4404-BF7A-FC06A9D7DBAB" controlTypeID="Image" x="357" y="933" w="35" h="30" zOrder="23">
      <URL>49BC22A68AD04EB82AD7C7AA33E89DD4.png</URL>
    </control>
    <control controlID="7F64C454-2A8D-4B4B-9633-D854D7B83257" controlTypeID="Image" x="467" y="933" w="35" h="30" zOrder="24">
      <URL>49BC22A68AD04EB82AD7C7AA33E89DD4.png</URL>
    </control>
    <control controlID="7992FC0B-74AD-40A8-B7AD-0A82F38DC97F" controlTypeID="Button" x="240" y="930" w="85" h="35" zOrder="25">
      <font family="Segoe+UI" displayName="Segoe+UI" postScript="" weightStyle="Regular" weight="400" isBold="False" isItalic="False" useDefaultFontFamily="False"/>
      <text>.+++++++++Avikii</text>
      <textSize>12</textSize>
      <lineSpacing>0</lineSpacing>
      <selectedIndex>-1</selectedIndex>
      <radius>100</radius>
      <radiusIsPercent>True</radiusIsPercent>
    </control>
    <control controlID="9C8F3D8F-FD25-4700-8C61-5912D7F3D458" controlTypeID="Image" x="247" y="933" w="35" h="30" zOrder="26">
      <URL>49BC22A68AD04EB82AD7C7AA33E89DD4.png</URL>
    </control>
    <control controlID="A3C09027-A1BF-455E-9433-068FAD60C0B4" controlTypeID="Button" x="54" y="1044" w="284" h="48" zOrder="27">
      <color>4278255615</color>
      <font family="Segoe+UI" displayName="Segoe+UI" postScript="" weightStyle="Regular" weight="400" isBold="False" isItalic="False" useDefaultFontFamily="False"/>
      <text>Make+it+Loud</text>
      <textSize>28</textSize>
      <lineSpacing>0</lineSpacing>
      <useDefaultTextSize>False</useDefaultTextSize>
      <selectedIndex>-1</selectedIndex>
      <radius>100</radius>
      <radiusIsPercent>True</radiusIsPercent>
    </control>
    <control controlID="C4F9EBB3-C4DE-430C-B58E-1322FB2C0DC1" controlTypeID="Line" x="783" y="461" w="2" h="829" zOrder="28">
      <color>4294967295</color>
      <font family="Segoe+UI" displayName="Segoe+UI" postScript="" weightStyle="Regular" weight="400" isBold="False" isItalic="False"/>
      <textColor>4294967295</textColor>
      <textSize>28</textSize>
      <lineSpacing>0</lineSpacing>
      <selectedIndex>-1</selectedIndex>
      <controlPoint>(1,415)</controlPoint>
      <startPoint>(1,1)</startPoint>
      <endPoint>(1,829)</endPoint>
      <thickness>2</thickness>
    </control>
    <control controlID="7C8E8007-75E3-4966-98FB-B65A6D0D6B75" controlTypeID="Label" x="848" y="456" w="249" h="54" zOrder="29">
      <font family="Segoe+UI" displayName="Segoe+UI" postScript="" weightStyle="Regular" weight="400" isBold="False" isItalic="False"/>
      <text>Recent+Shouts</text>
      <textColor>4294967295</textColor>
      <textSize>40</textSize>
      <lineSpacing>0</lineSpacing>
      <useDefaultTextSize>False</useDefaultTextSize>
      <selectedIndex>-1</selectedIndex>
    </control>
    <control controlID="24874DC0-6004-4D88-8035-5A6C9F648A3D" controlTypeID="Shape" x="842" y="520" w="519" h="316" zOrder="30">
      <font family="Segoe+UI" displayName="Segoe+UI" postScript="" weightStyle="Regular" weight="400" isBold="False" isItalic="False" useDefaultFontFamily="False"/>
      <selectedIndex>-1</selectedIndex>
      <radius>8</radius>
    </control>
    <control controlID="5F767C47-9954-430C-ADAB-D085999E428D" controlTypeID="Line" x="844" y="562" w="518" h="1" zOrder="31">
      <font family="Segoe+UI" displayName="Segoe+UI" postScript="" weightStyle="Regular" weight="400" isBold="False" isItalic="False"/>
      <textSize>28</textSize>
      <lineSpacing>0</lineSpacing>
      <selectedIndex>-1</selectedIndex>
      <controlPoint>(259,0)</controlPoint>
      <startPoint>(0,0)</startPoint>
      <endPoint>(518,0)</endPoint>
    </control>
    <control controlID="7EB17A5B-81D2-4E75-9B74-8C6B6954981C" controlTypeID="DateTimePicker" x="858" y="530" w="164" h="24" zOrder="32">
      <font family="Segoe+UI" displayName="Segoe+UI" postScript="" weightStyle="Regular" weight="400" isBold="False" isItalic="False"/>
      <text>3%2F10%2F2018</text>
      <textSize>24</textSize>
      <lineSpacing>0</lineSpacing>
      <useDefaultTextSize>False</useDefaultTextSize>
      <selectedIndex>-1</selectedIndex>
    </control>
    <control controlID="15D35FF3-F82D-4F8A-8961-CF85EAB5F6D6" controlTypeID="Label" x="865" y="756" w="158" h="32" zOrder="33">
      <font family="Segoe+UI" displayName="Segoe+UI+Bold" postScript="" weightStyle="Bold" weight="700" isBold="True" isItalic="False"/>
      <text>Tagged+Artist%3A+</text>
      <textSize>24</textSize>
      <lineSpacing>0</lineSpacing>
      <textStyles>[fsBold]</textStyles>
      <useDefaultTextSize>False</useDefaultTextSize>
      <selectedIndex>-1</selectedIndex>
    </control>
    <control controlID="49ABC087-BB7E-4548-ADE6-F33856EFFE73" controlTypeID="Button" x="1051" y="755" w="90" h="35" zOrder="34">
      <font family="Segoe+UI" displayName="Segoe+UI" postScript="" weightStyle="Regular" weight="400" isBold="False" isItalic="False" useDefaultFontFamily="False"/>
      <text>.++++++++++Nucleya</text>
      <textColor>4280642473</textColor>
      <textSize>12</textSize>
      <lineSpacing>0</lineSpacing>
      <selectedIndex>-1</selectedIndex>
      <radius>100</radius>
      <radiusIsPercent>True</radiusIsPercent>
    </control>
    <control controlID="7726CF79-4E79-416E-9D71-E4B44E034B78" controlTypeID="Image" x="1056" y="757" w="35" h="30" zOrder="35">
      <URL>FEC35DBF55C464096BF911EA77F04C95.png</URL>
    </control>
    <control controlID="DF16471E-36E9-4CDF-A68A-A8B1453E1711" controlTypeID="Label" x="865" y="790" w="176" h="32" zOrder="36">
      <font family="Segoe+UI" displayName="Segoe+UI+Bold" postScript="" weightStyle="Bold" weight="700" isBold="True" isItalic="False"/>
      <text>Tagged+Friends%3A+</text>
      <textSize>24</textSize>
      <lineSpacing>0</lineSpacing>
      <textStyles>[fsBold]</textStyles>
      <useDefaultTextSize>False</useDefaultTextSize>
      <selectedIndex>-1</selectedIndex>
    </control>
    <control controlID="AA26EBF6-6360-434E-B189-D790F5D76851" controlTypeID="Label" x="1051" y="795" w="119" h="27" zOrder="37">
      <font family="Segoe+UI" displayName="Segoe+UI" postScript="" weightStyle="Regular" weight="400" isBold="False" isItalic="False"/>
      <text>John%2C+Alan+%2B2</text>
      <textSize>20</textSize>
      <lineSpacing>0</lineSpacing>
      <useDefaultTextSize>False</useDefaultTextSize>
      <selectedIndex>-1</selectedIndex>
    </control>
    <control controlID="48F40E69-C411-4642-A6E7-EC2F4DA06EE8" controlTypeID="Shape" x="843" y="1230" w="519" h="129" zOrder="38">
      <font family="Segoe+UI" displayName="Segoe+UI" postScript="" weightStyle="Regular" weight="400" isBold="False" isItalic="False"/>
      <textSize>28</textSize>
      <selectedIndex>-1</selectedIndex>
    </control>
    <control controlID="41BD7F79-DF8B-4820-929D-09D0155EAB57" controlTypeID="Shape" x="842" y="867" w="519" h="316" zOrder="39">
      <font family="Segoe+UI" displayName="Segoe+UI" postScript="" weightStyle="Regular" weight="400" isBold="False" isItalic="False" useDefaultFontFamily="False"/>
      <selectedIndex>-1</selectedIndex>
      <radius>8</radius>
    </control>
    <control controlID="3007497B-32A2-4BD6-A4C0-BD709C928CC1" controlTypeID="Line" x="843" y="917" w="518" h="1" zOrder="40">
      <font family="Segoe+UI" displayName="Segoe+UI" postScript="" weightStyle="Regular" weight="400" isBold="False" isItalic="False"/>
      <textSize>28</textSize>
      <lineSpacing>0</lineSpacing>
      <selectedIndex>-1</selectedIndex>
      <controlPoint>(259,0)</controlPoint>
      <startPoint>(0,0)</startPoint>
      <endPoint>(518,0)</endPoint>
    </control>
    <control controlID="FA7C71CD-6D72-493A-B147-6266834EB6B3" controlTypeID="DateTimePicker" x="858" y="883" w="164" h="24" zOrder="41">
      <font family="Segoe+UI" displayName="Segoe+UI" postScript="" weightStyle="Regular" weight="400" isBold="False" isItalic="False"/>
      <text>3%2F10%2F2018</text>
      <textSize>24</textSize>
      <lineSpacing>0</lineSpacing>
      <useDefaultTextSize>False</useDefaultTextSize>
      <selectedIndex>-1</selectedIndex>
    </control>
    <control controlID="80146800-63E8-40D9-996A-50590833D284" controlTypeID="Label" x="864" y="1111" w="158" h="32" zOrder="42">
      <font family="Segoe+UI" displayName="Segoe+UI+Bold" postScript="" weightStyle="Bold" weight="700" isBold="True" isItalic="False"/>
      <text>Tagged+Artist%3A+</text>
      <textSize>24</textSize>
      <lineSpacing>0</lineSpacing>
      <textStyles>[fsBold]</textStyles>
      <useDefaultTextSize>False</useDefaultTextSize>
      <selectedIndex>-1</selectedIndex>
    </control>
    <control controlID="B36B4EC1-2B05-46F1-A346-234AF19C8917" controlTypeID="Button" x="1050" y="1110" w="90" h="35" zOrder="43">
      <font family="Segoe+UI" displayName="Segoe+UI" postScript="" weightStyle="Regular" weight="400" isBold="False" isItalic="False" useDefaultFontFamily="False"/>
      <text>.++++++++++Nucleya</text>
      <textColor>4280642473</textColor>
      <textSize>12</textSize>
      <lineSpacing>0</lineSpacing>
      <selectedIndex>-1</selectedIndex>
      <radius>100</radius>
      <radiusIsPercent>True</radiusIsPercent>
    </control>
    <control controlID="09BCBEB6-5941-4092-91EB-E65C9B81A80A" controlTypeID="Image" x="1055" y="1112" w="35" h="30" zOrder="44">
      <URL>FEC35DBF55C464096BF911EA77F04C95.png</URL>
    </control>
    <control controlID="11474975-69BA-48FB-91DF-C25CD4D62F70" controlTypeID="Label" x="864" y="1145" w="176" h="32" zOrder="45">
      <font family="Segoe+UI" displayName="Segoe+UI+Bold" postScript="" weightStyle="Bold" weight="700" isBold="True" isItalic="False"/>
      <text>Tagged+Friends%3A+</text>
      <textSize>24</textSize>
      <lineSpacing>0</lineSpacing>
      <textStyles>[fsBold]</textStyles>
      <useDefaultTextSize>False</useDefaultTextSize>
      <selectedIndex>-1</selectedIndex>
    </control>
    <control controlID="824264C6-D836-4BFF-B831-83E1683A3729" controlTypeID="Label" x="1050" y="1150" w="119" h="27" zOrder="46">
      <font family="Segoe+UI" displayName="Segoe+UI" postScript="" weightStyle="Regular" weight="400" isBold="False" isItalic="False"/>
      <text>John%2C+Alan+%2B3</text>
      <textSize>20</textSize>
      <lineSpacing>0</lineSpacing>
      <useDefaultTextSize>False</useDefaultTextSize>
      <selectedIndex>-1</selectedIndex>
    </control>
    <control controlID="79FD8973-AF95-4C21-8E95-A15B2BBEA809" controlTypeID="Line" x="843" y="1273" w="518" h="1" zOrder="47">
      <font family="Segoe+UI" displayName="Segoe+UI" postScript="" weightStyle="Regular" weight="400" isBold="False" isItalic="False"/>
      <textSize>28</textSize>
      <lineSpacing>0</lineSpacing>
      <selectedIndex>-1</selectedIndex>
      <controlPoint>(259,0)</controlPoint>
      <startPoint>(0,0)</startPoint>
      <endPoint>(518,0)</endPoint>
    </control>
    <control controlID="E8177905-EE17-43D6-9715-79FB5F294F73" controlTypeID="DateTimePicker" x="858" y="1239" w="164" h="24" zOrder="48">
      <font family="Segoe+UI" displayName="Segoe+UI" postScript="" weightStyle="Regular" weight="400" isBold="False" isItalic="False"/>
      <text>2%2F10%2F2018</text>
      <textSize>24</textSize>
      <lineSpacing>0</lineSpacing>
      <useDefaultTextSize>False</useDefaultTextSize>
      <selectedIndex>-1</selectedIndex>
    </control>
    <control controlID="8F5FE493-6752-4A58-AE61-0AD26BF6261B" controlTypeID="TextArea" x="861" y="581" w="486" h="151" zOrder="49">
      <font family="Segoe+UI" displayName="Segoe+UI" postScript="" weightStyle="Regular" weight="400" isBold="False" isItalic="False"/>
      <text>My+word%3A+Lorem+ipsum+sit+amet%2Cconsectetuer+adipiscing+elit.Aenean+commodo+ligula+eget+dolor.+Aenean+massa.Lorem+ipsum+sit+amet%2Cconsectetuer+adipiscing+elit.Aenean+commodo+ligula+eget+dolor.+Aenean+massa.Aenean+massa.</text>
      <textSize>20</textSize>
      <useDefaultTextSize>False</useDefaultTextSize>
      <selectedIndex>-1</selectedIndex>
    </control>
    <control controlID="EAE6E58F-1200-400E-BB7B-B42FB66D9ECD" controlTypeID="TextArea" x="864" y="928" w="480" h="146" zOrder="50">
      <font family="Segoe+UI" displayName="Segoe+UI" postScript="" weightStyle="Regular" weight="400" isBold="False" isItalic="False"/>
      <text>My+word%3A+Lorem+ipsum+sit+amet%2Cconsectetuer+adipiscing+elit.Aenean+commodo+ligula+eget+dolor.+Aenean+massa.Lorem+ipsum+sit+amet%2Cconsectetuer+adipiscing+elit.Aenean+commodo+ligula+eget+dolor.+Aenean+massa.</text>
      <textSize>20</textSize>
      <useDefaultTextSize>False</useDefaultTextSize>
      <selectedIndex>-1</selectedIndex>
    </control>
    <control controlID="A875424B-2118-4BBA-B0BF-9247F64BB04E" controlTypeID="TextArea" x="861" y="1294" w="480" h="146" zOrder="51">
      <font family="Segoe+UI" displayName="Segoe+UI" postScript="" weightStyle="Regular" weight="400" isBold="False" isItalic="False"/>
      <text>My+word%3A+Lorem+ipsum+sit+amet%2Cconsectetuer+adipiscing+elit.Aenean+commodo+ligula+eget+dolor.+</text>
      <textSize>20</textSize>
      <useDefaultTextSize>False</useDefaultTextSize>
      <selectedIndex>-1</selectedIndex>
    </control>
    <control controlID="C032DDEA-4982-452D-B8F5-F79044517327" controlTypeID="Icon" x="290" y="1056" w="24" h="24" zOrder="52">
      <color>4278190080</color>
      <links eventType="AtClick" animate="AmNone" animateAutoDelay="0" animateDuration="500">
        <link targetPageID="2781DBA1-A02C-448A-A3AE-53C0C29D05D9" linkType="ltPageLink" isApplyIncludePage="False" title="My+Shouts">
          <area shape="0" alt="" ID="{CD2B7602-7DD6-4EAC-8290-9432B3927B7F}" coords="(0,0,24,24)"/>
        </link>
      </links>
      <icon>
        <ID/>
        <iconFontName>jdFontAwesome</iconFontName>
        <iconCode>61598</iconCode>
      </icon>
      <URL>141865ED6C1F03CB217F2DC3BC8376ED.svg</URL>
    </control>
    <control controlID="A461D6FB-AE74-4AFB-BFFA-C7A5E604371A" controlTypeID="Image" x="40" y="73" w="550" h="215" zOrder="53">
      <caption>logo</caption>
      <links eventType="AtClick" animate="AmNone" animateAutoDelay="0" animateDuration="500">
        <link targetPageID="4A0D339D-9182-425A-A673-178FA0C98669" linkType="ltPageLink" isApplyIncludePage="False" title="HOME">
          <area shape="0" alt="" ID="{37ABB8A4-4594-4F14-9D5D-CE866D16B6A2}" coords="(0,0,550,215)"/>
        </link>
      </links>
      <interactiveData>
        <entry title="">
          <area shape="0" alt="" ID="{5A33E01D-B76C-411A-AB89-393C1E13A312}" coords="(0,0,550,215)"/>
          <events title="">
            <event eventType="atClick" isChecked="True">
              <behaviour title="" isChecked="True" isWait="False" isLoop="False" execMode="emParallel">
                <target targetID="D880D9F2-F96E-401A-9BDC-6E6864970DAB" isChecked="True" isAutoRecovery="False" isLoop="False" execMode="emSequence">
                  <command name="Set Text Color" isChecked="True" descrition="">
                    <param name="AniInterpolation" value="0" varType="3" description=""/>
                    <param name="AniDuration" value="200" varType="3" description=""/>
                    <param name="AniAutoReverse" value="False" varType="11" description=""/>
                    <param name="AniLoop" value="False" varType="11" description=""/>
                    <param name="AniInterpolationTypeOut" value="False" varType="11" description=""/>
                    <param name="Delay" value="0" varType="3" description=""/>
                    <param name="FromValue" value="0" varType="20" description=""/>
                    <param name="ToValue" value="4294967040" varType="20" description=""/>
                  </command>
                </target>
              </behaviour>
            </event>
          </events>
        </entry>
      </interactiveData>
      <URL>3893359F374036C0F836494E3CC0BD82.png</URL>
    </control>
    <control controlID="19852FC0-6395-4E57-9FDE-AF76DE2121E6" controlTypeID="Label" x="254" y="260" w="175" h="40" zOrder="54">
      <font family="Segoe+UI" displayName="Segoe+UI" postScript="" weightStyle="Regular" weight="400" isBold="False" isItalic="False"/>
      <text>Music+To+Live</text>
      <textColor>4294967040</textColor>
      <textSize>30</textSize>
      <lineSpacing>0</lineSpacing>
      <useDefaultTextSize>False</useDefaultTextSize>
      <selectedIndex>-1</selectedIndex>
    </control>
  </controls>
  <param>
    <backgroundColor>4293190884</backgroundColor>
    <fontSize>28</fontSize>
    <fontFamily>Segoe+UI</fontFamily>
    <guideLines>
      <guideLine isLocked="False" isHori="True" value="20"/>
      <guideLine isLocked="False" isHori="True" value="1380"/>
      <guideLine isLocked="False" isHori="False" value="40"/>
      <guideLine isLocked="False" isHori="False" value="1000"/>
      <guideLine isLocked="False" isHori="True" value="728"/>
      <guideLine isLocked="False" isHori="False" value="76"/>
      <guideLine isLocked="False" isHori="True" value="888"/>
      <guideLine isLocked="False" isHori="True" value="1228"/>
    </guideLines>
  </param>
</mockup>