﻿<mockup version="5.3" minAllowVersion="5.3" ID="425A98AB-9F07-4E15-BFDD-FB5364861C8F" platform="MtWeb" defaultW="1400" defaultH="1450" measureW="1400" measureH="1450" mobileScreenScale="0">
  <controls controlCount="64">
    <control controlID="0D57A216-5A73-4242-875C-DD5C8E09AE67" controlTypeID="Master" x="0" y="1409" w="1400" h="91" zOrder="0" masterID="24338112-78F9-4D38-8F21-F0FAFA2D27E7">
      <groupChildrenDescriptors>
        <control controlID="D387C342-E360-4FFA-AEBE-718FF59E44E2" controlTypeID="__group__" x="0" y="0" w="1400" h="91" zOrder="0">
          <groupChildrenDescriptors>
            <control controlID="039131D7-CBAA-4424-A03E-DCE8DD312BFD" controlTypeID="Shape" x="0" y="0" w="1400" h="91" zOrder="0">
              <color>4289638062</color>
              <font family="" displayName="%E5%BE%AE%E8%BD%AF%E9%9B%85%E9%BB%91" postScript="" weightStyle="Regular" weight="400" isBold="False" isItalic="False"/>
              <textColor>4289638062</textColor>
              <textSize>14</textSize>
              <selectedIndex>-1</selectedIndex>
            </control>
            <control controlID="7DA0CBC8-6EEF-4F95-B843-B516C7B61772" controlTypeID="Label" x="1124" y="38" w="88" h="27" zOrder="1">
              <font family="" displayName="%E5%BE%AE%E8%BD%AF%E9%9B%85%E9%BB%91" postScript="" weightStyle="Regular" weight="400" isBold="False" isItalic="False"/>
              <text>Follow+Us%3A</text>
              <textSize>20</textSize>
              <lineSpacing>0</lineSpacing>
              <useDefaultTextSize>False</useDefaultTextSize>
              <selectedIndex>-1</selectedIndex>
            </control>
            <control controlID="ED62DDDB-F6B2-4638-BFEF-EE2210370A46" controlTypeID="Label" x="45" y="38" w="369" h="27" zOrder="2">
              <color>16777215</color>
              <font family="" displayName="%E5%BE%AE%E8%BD%AF%E9%9B%85%E9%BB%91" postScript="" weightStyle="Regular" weight="400" isBold="False" isItalic="False"/>
              <text>%C2%A9+2018+J2SM+Software+All+rights+reserved.</text>
              <textSize>20</textSize>
              <textAlign>HaCenter</textAlign>
              <lineSpacing>0</lineSpacing>
              <useDefaultTextSize>False</useDefaultTextSize>
              <selectedIndex>-1</selectedIndex>
            </control>
            <control controlID="C371CB89-F8D1-41D2-8136-E50268B363C7" controlTypeID="Icon" x="1276" y="40" w="24" h="24" zOrder="3">
              <states>
                <state propName="Color" stateType="state_mouseOver" isChecked="True" value="4291611852" varType="20"/>
              </states>
              <color>4278229503</color>
              <icon>
                <ID/>
                <iconFontName>jdFontAwesome</iconFontName>
                <iconCode>61570</iconCode>
              </icon>
              <URL>4CEBA48D845888E06C868951A5E1A875.svg</URL>
            </control>
            <control controlID="F58C562F-3372-474D-A414-8FFFD3E8AA0C" controlTypeID="Icon" x="1317" y="40" w="24" h="24" zOrder="4">
              <states>
                <state propName="Color" stateType="state_mouseOver" isChecked="True" value="4291611852" varType="20"/>
              </states>
              <color>4281571839</color>
              <icon>
                <ID/>
                <iconFontName>jdFontAwesome</iconFontName>
                <iconCode>61569</iconCode>
              </icon>
              <URL>520A776503D70E7FC53BE8D209CC96C1.svg</URL>
            </control>
            <control controlID="BBC008D5-EFA0-469C-9BDA-653BD5579BA4" controlTypeID="Icon" x="1356" y="40" w="24" h="24" zOrder="5">
              <states>
                <state propName="Color" stateType="state_mouseOver" isChecked="True" value="4291611852" varType="20"/>
              </states>
              <color>4290591232</color>
              <icon>
                <ID/>
                <iconFontName>jdFontAwesome</iconFontName>
                <iconCode>61652</iconCode>
              </icon>
              <URL>282331BE75C40FB6D299F787B7BFD38F.svg</URL>
            </control>
            <control controlID="5D9B52CF-8EEF-4649-8C9D-1FB9FA22C301" controlTypeID="Icon" x="1232" y="38" w="28" h="28" zOrder="6">
              <states>
                <state propName="Color" stateType="state_mouseOver" isChecked="True" value="4291611852" varType="20"/>
              </states>
              <color>4290591232</color>
              <icon>
                <ID/>
                <iconFontName>jdIonicons</iconFontName>
                <iconCode>62029</iconCode>
              </icon>
              <URL>4529DADA0AD1F8BF89E5709239A0C3BD.svg</URL>
            </control>
          </groupChildrenDescriptors>
        </control>
      </groupChildrenDescriptors>
    </control>
    <control controlID="AFB75AA9-8438-404B-8BB9-768BF35FD377" controlTypeID="TextArea" x="311" y="383" w="771" h="74" zOrder="1">
      <font family="Segoe+UI" displayName="Segoe+UI" postScript="" weightStyle="Regular" weight="400" isBold="False" isItalic="False"/>
      <text>Mockplus+comes+with+nearly+200+components+and+more+than+3%2C000+icons+to+save+you+much+time+and+efforts+on+design.</text>
      <textColor>4279374612</textColor>
      <textSize>16</textSize>
      <textAlign>HaCenter</textAlign>
      <useDefaultTextSize>False</useDefaultTextSize>
      <selectedIndex>-1</selectedIndex>
    </control>
    <control controlID="1AD1C1C1-1EF8-4C8F-9F94-045322822D62" controlTypeID="Image" x="62" y="62" w="96" h="30" zOrder="2">
      <caption>logo</caption>
      <interactiveData>
        <entry title="">
          <area shape="0" alt="" ID="{B4BFD5AA-3578-4575-B4FA-6E1F7B3670F2}" coords="(0,0,96,30)"/>
          <events title="">
            <event eventType="atClick" isChecked="True">
              <behaviour title="" isChecked="True" isWait="False" isLoop="False" execMode="emParallel">
                <target targetID="1435CEAD-913D-43D9-AF6C-1CB9BDA4A07B" isChecked="True" isAutoRecovery="False" isLoop="False" execMode="emSequence">
                  <command name="Set Text Color" isChecked="True" descrition="">
                    <param name="AniInterpolation" value="0" varType="3" description=""/>
                    <param name="AniDuration" value="200" varType="3" description=""/>
                    <param name="AniAutoReverse" value="False" varType="11" description=""/>
                    <param name="AniLoop" value="False" varType="11" description=""/>
                    <param name="AniInterpolationTypeOut" value="False" varType="11" description=""/>
                    <param name="Delay" value="0" varType="3" description=""/>
                    <param name="FromValue" value="0" varType="20" description=""/>
                    <param name="ToValue" value="4294967040" varType="20" description=""/>
                  </command>
                </target>
              </behaviour>
            </event>
          </events>
        </entry>
      </interactiveData>
    </control>
    <control controlID="45E59B1D-31BF-42A7-9021-371A0496EEFE" controlTypeID="Icon" x="1146" y="63" w="24" h="24" zOrder="3">
      <color>4279374612</color>
      <icon>
        <ID/>
        <iconFontName>jdIonicons</iconFontName>
        <iconCode>62368</iconCode>
      </icon>
      <URL>B91434690C5B5224D1CC6B1998F1178A.svg</URL>
    </control>
    <control controlID="6C297AA5-7E63-4448-8823-54A746F859C7" controlTypeID="VRule" x="1244" y="67" w="12" h="20" zOrder="4">
      <color>4279374612</color>
    </control>
    <control controlID="6565E11B-7359-4B13-A93A-884FE4496ABA" controlTypeID="Label" x="509" y="137" w="396" h="83" zOrder="5">
      <font family="Arial" displayName="Arial" postScript="" weightStyle="Regular" weight="400" isBold="False" isItalic="False" useDefaultFontFamily="False"/>
      <text>Talent+Scout</text>
      <textColor>4284900966</textColor>
      <textSize>72</textSize>
      <lineSpacing>0</lineSpacing>
      <useDefaultTextSize>False</useDefaultTextSize>
      <selectedIndex>-1</selectedIndex>
    </control>
    <control controlID="EBBC5A28-7244-47D1-9DE4-A913BAB5574E" controlTypeID="Label" x="605" y="266" w="175" h="40" zOrder="6">
      <font family="Segoe+UI" displayName="Segoe+UI" postScript="" weightStyle="Regular" weight="400" isBold="False" isItalic="False"/>
      <text>Music+To+Live</text>
      <textSize>30</textSize>
      <lineSpacing>0</lineSpacing>
      <useDefaultTextSize>False</useDefaultTextSize>
      <selectedIndex>-1</selectedIndex>
    </control>
    <control controlID="41FE9584-5093-4D0A-8ABE-5EE4106A9829" controlTypeID="Label" x="394" y="54" w="79" h="38" zOrder="7">
      <font family="Segoe+UI" displayName="Segoe+UI" postScript="" weightStyle="Regular" weight="400" isBold="False" isItalic="False"/>
      <text>HOME</text>
      <textSize>28</textSize>
      <lineSpacing>0</lineSpacing>
      <selectedIndex>-1</selectedIndex>
    </control>
    <control controlID="88E19894-C89F-428A-8BE7-13D50995DC52" controlTypeID="Label" x="522" y="54" w="133" h="38" zOrder="8">
      <links eventType="AtClick" animate="AmNone" animateAutoDelay="0" animateDuration="500">
        <link targetPageID="BD193AFF-70A0-41C2-A87E-D5AA02699736" linkType="ltPageLink" isApplyIncludePage="False" title="Artist">
          <area shape="0" alt="" ID="{8F17F877-8EB9-42A9-B77E-A2421CF9BBAE}" coords="(0,0,133,38)"/>
        </link>
      </links>
      <font family="Segoe+UI" displayName="Segoe+UI" postScript="" weightStyle="Regular" weight="400" isBold="False" isItalic="False"/>
      <text>MY+ARTIST</text>
      <textSize>28</textSize>
      <lineSpacing>0</lineSpacing>
      <selectedIndex>-1</selectedIndex>
    </control>
    <control controlID="1E697DD5-6354-41C3-A9F4-14D03CF3EB72" controlTypeID="Label" x="683" y="54" w="165" h="38" zOrder="9">
      <font family="Segoe+UI" displayName="Segoe+UI" postScript="" weightStyle="Regular" weight="400" isBold="False" isItalic="False"/>
      <text>MY+STREAMS</text>
      <textSize>28</textSize>
      <lineSpacing>0</lineSpacing>
      <selectedIndex>-1</selectedIndex>
    </control>
    <control controlID="EADC0D27-7443-48CD-9D4C-2027E6E28AF4" controlTypeID="Label" x="879" y="54" w="151" h="38" zOrder="10">
      <font family="Segoe+UI" displayName="Segoe+UI" postScript="" weightStyle="Regular" weight="400" isBold="False" isItalic="False"/>
      <text>MY+SHOUTS</text>
      <textSize>28</textSize>
      <lineSpacing>0</lineSpacing>
      <selectedIndex>-1</selectedIndex>
    </control>
    <control controlID="B1833C58-34CF-4863-A1E7-473400CC8B3B" controlTypeID="Label" x="1182" y="54" w="67" h="38" zOrder="11">
      <links eventType="AtClick" animate="AmNone" animateAutoDelay="0" animateDuration="500">
        <link targetPageID="D639310A-16BF-4432-AA5C-140F25963633" linkType="ltPageLink" isApplyIncludePage="False" title="Login">
          <area shape="0" alt="" ID="{466B0EEC-3304-47C2-9CC2-FA42BC9072DB}" coords="(0,0,67,38)"/>
        </link>
      </links>
      <font family="Segoe+UI" displayName="Segoe+UI" postScript="" weightStyle="Regular" weight="400" isBold="False" isItalic="False"/>
      <text>Login+</text>
      <textSize>28</textSize>
      <lineSpacing>0</lineSpacing>
      <selectedIndex>-1</selectedIndex>
    </control>
    <control controlID="FD552A29-49B3-4D54-A856-7468E96917BA" controlTypeID="Label" x="1261" y="54" w="99" h="38" zOrder="12">
      <font family="Segoe+UI" displayName="Segoe+UI" postScript="" weightStyle="Regular" weight="400" isBold="False" isItalic="False"/>
      <text>Register</text>
      <textSize>28</textSize>
      <lineSpacing>0</lineSpacing>
      <selectedIndex>-1</selectedIndex>
    </control>
    <control controlID="AD498E6F-A2C2-4092-B917-0802CD706E29" controlTypeID="Image" x="62" y="998" w="150" h="150" zOrder="13"/>
    <control controlID="112408AD-C1B5-4129-B932-77722CE316F7" controlTypeID="Image" x="229" y="522" w="904" h="286" zOrder="14">
      <URL>44F3EEF1AB42FD4802A7CB7114A02621.png</URL>
      <showText>False</showText>
    </control>
    <control controlID="E0E1F533-CF4F-41C9-AB28-BAD5F6DC92AB" controlTypeID="Image" x="1188" y="522" w="212" h="286" zOrder="15">
      <URL>F5D6BD735FA1165B1E2794BE2F7E06A7.png</URL>
    </control>
    <control controlID="FF19C44F-46EB-4289-8E88-919CA55A5EAE" controlTypeID="Image" x="0" y="522" w="172" h="286" zOrder="16">
      <URL>D38140EF3901479DAAAC9CC9239AFEF7.png</URL>
    </control>
    <control controlID="1DAB9C1B-3F83-4772-A8B3-6F8FA8AC638B" controlTypeID="Image" x="278" y="998" w="150" h="150" zOrder="17"/>
    <control controlID="9736A061-F6E4-463F-82E8-347AE51ED47A" controlTypeID="Image" x="499" y="998" w="150" h="150" zOrder="18"/>
    <control controlID="AB3D4860-DE3F-4746-886F-1D6E28E3AF3D" controlTypeID="Image" x="735" y="998" w="150" h="150" zOrder="19"/>
    <control controlID="A3140601-FE13-4FF9-8D4B-281ED0CEED25" controlTypeID="Image" x="966" y="998" w="150" h="150" zOrder="20"/>
    <control controlID="5BA5BBDF-42F1-426E-9D4E-6A31C9A29267" controlTypeID="Image" x="1188" y="998" w="150" h="150" zOrder="21"/>
    <control controlID="7F42EB37-7F3C-459F-BD04-DA4363473576" controlTypeID="Label" x="62" y="925" w="254" h="38" zOrder="22">
      <font family="Segoe+UI" displayName="Segoe+UI" postScript="" weightStyle="Regular" weight="400" isBold="False" isItalic="False"/>
      <text>Talent+Scout+Top+100</text>
      <textSize>28</textSize>
      <lineSpacing>0</lineSpacing>
      <selectedIndex>-1</selectedIndex>
    </control>
    <control controlID="C039A05A-B35C-4B8B-9D45-5DE5EBB99CCB" controlTypeID="Line" x="-5" y="869" w="1404" h="2" zOrder="23">
      <font family="Segoe+UI" displayName="Segoe+UI" postScript="" weightStyle="Regular" weight="400" isBold="False" isItalic="False"/>
      <textSize>28</textSize>
      <lineSpacing>0</lineSpacing>
      <selectedIndex>-1</selectedIndex>
      <controlPoint>(702,1)</controlPoint>
      <startPoint>(1,1)</startPoint>
      <endPoint>(1404,1)</endPoint>
    </control>
    <control controlID="AE3535A1-CF21-4FC8-B738-5AEB8A7C25E7" controlTypeID="Image" x="62" y="1233" w="150" h="150" zOrder="24"/>
    <control controlID="D1DF5F21-C717-460B-8875-7F3F3135ACAF" controlTypeID="Image" x="278" y="1233" w="150" h="150" zOrder="25"/>
    <control controlID="164FC276-8949-4847-8C64-4F52EC3DC43C" controlTypeID="Image" x="499" y="1233" w="150" h="150" zOrder="26"/>
    <control controlID="1BAE1ADF-A09D-40CD-AFBC-08A314C045EB" controlTypeID="Image" x="735" y="1233" w="150" h="150" zOrder="27"/>
    <control controlID="88CC815B-A8C8-4C6A-9D41-5018766C3090" controlTypeID="Image" x="966" y="1233" w="150" h="150" zOrder="28"/>
    <control controlID="09A6A24F-A2A2-4886-81CC-7BFB94DC30C3" controlTypeID="Image" x="1188" y="1233" w="150" h="150" zOrder="29"/>
    <control controlID="6B85797E-C4BA-4285-8283-C7C033E4DA01" controlTypeID="Label" x="67" y="1178" w="85" h="38" zOrder="30">
      <font family="Segoe+UI" displayName="Segoe+UI" postScript="" weightStyle="Regular" weight="400" isBold="False" isItalic="False"/>
      <text>Moods</text>
      <textSize>28</textSize>
      <lineSpacing>0</lineSpacing>
      <selectedIndex>-1</selectedIndex>
    </control>
    <control controlID="F00BA8A3-8F2A-43B1-992A-CF9F6293B6AE" controlTypeID="Line" x="5" y="476" w="1394" h="1" zOrder="31">
      <font family="Segoe+UI" displayName="Segoe+UI" postScript="" weightStyle="Regular" weight="400" isBold="False" isItalic="False"/>
      <textSize>28</textSize>
      <lineSpacing>0</lineSpacing>
      <selectedIndex>-1</selectedIndex>
      <controlPoint>(697,0)</controlPoint>
      <startPoint>(0,0)</startPoint>
      <endPoint>(1394,0)</endPoint>
    </control>
    <control controlID="B872B65F-60DB-4AE5-BFB6-D66CC4757409" controlTypeID="PageControlEx" x="558" y="819" w="200" h="40" zOrder="32">
      <selectedColor>4278190080</selectedColor>
    </control>
    <control controlID="6AE703A0-0D42-41FC-95F0-9AE09F58E3B8" controlTypeID="IconButton2" x="1361" y="1054" w="38" h="38" zOrder="33">
      <groupChildrenDescriptors>
        <control controlID="F1EF39D3-6EAF-4AFD-81A7-DF3915DFA675" controlTypeID="Shape" x="0" y="0" w="38" h="38" zOrder="0">
          <canMove>False</canMove>
          <alias>shape</alias>
          <font family="Segoe+UI" displayName="Segoe+UI" postScript="" weightStyle="Regular" weight="400" isBold="False" isItalic="False"/>
          <textSize>28</textSize>
          <selectedIndex>-1</selectedIndex>
          <shapeBorderType>SbEllipse</shapeBorderType>
        </control>
        <control controlID="015BB670-D351-477D-B930-B264EAAAE989" controlTypeID="Icon" x="7" y="7" w="24" h="24" zOrder="1">
          <canMove>False</canMove>
          <alias>icon</alias>
          <icon>
            <ID/>
            <iconFontName>jdIonicons</iconFontName>
            <iconCode>62306</iconCode>
          </icon>
          <URL>9DDACFA1CF56DBAEDCDB44BD9EE77A8A.svg</URL>
        </control>
        <control controlID="9FAF493F-F43C-4A35-8B6C-003569A559E0" controlTypeID="Label" x="-16" y="-4" w="63" h="38" zOrder="2">
          <canMove>False</canMove>
          <alias>label</alias>
          <font family="Segoe+UI" displayName="Segoe+UI" postScript="" weightStyle="Regular" weight="400" isBold="False" isItalic="False"/>
          <text>Label</text>
          <textSize>28</textSize>
          <textAlign>HaCenter</textAlign>
          <lineSpacing>0</lineSpacing>
          <selectedIndex>-1</selectedIndex>
        </control>
        <control controlID="0BCF029E-C0BF-4E9E-83E4-8FDD490C5203" controlTypeID="Shape" x="25" y="0" w="13" h="13" zOrder="3">
          <color>4294901760</color>
          <borderVisible>False</borderVisible>
          <canMove>False</canMove>
          <alias>alarm</alias>
          <font family="Segoe+UI" displayName="Segoe+UI" postScript="" weightStyle="Regular" weight="400" isBold="False" isItalic="False"/>
          <text>2</text>
          <textColor>4294967295</textColor>
          <textSize>8</textSize>
          <selectedIndex>-1</selectedIndex>
          <radius>100</radius>
          <radiusIsPercent>True</radiusIsPercent>
        </control>
      </groupChildrenDescriptors>
    </control>
    <control controlID="21C23066-638F-4C21-8140-6579F48D742A" controlTypeID="IconButton2" x="0" y="1054" w="38" h="38" zOrder="34">
      <groupChildrenDescriptors>
        <control controlID="E1989E05-DE8B-43A0-ACF2-5D306369A9E2" controlTypeID="Shape" x="0" y="0" w="38" h="38" zOrder="0">
          <canMove>False</canMove>
          <alias>shape</alias>
          <font family="Segoe+UI" displayName="Segoe+UI" postScript="" weightStyle="Regular" weight="400" isBold="False" isItalic="False"/>
          <textSize>28</textSize>
          <selectedIndex>-1</selectedIndex>
          <shapeBorderType>SbEllipse</shapeBorderType>
        </control>
        <control controlID="6CD4DADC-1533-45E2-A276-5861C95BC98C" controlTypeID="Icon" x="7" y="7" w="24" h="24" zOrder="1">
          <canMove>False</canMove>
          <alias>icon</alias>
          <icon>
            <ID/>
            <iconFontName>jdIonicons</iconFontName>
            <iconCode>62304</iconCode>
          </icon>
          <URL>E824BDFC2A61421270F3A0DA09351C67.svg</URL>
        </control>
        <control controlID="C7F867B4-3394-49F7-A3FB-4A2929F6C561" controlTypeID="Label" x="-16" y="-4" w="63" h="38" zOrder="2">
          <canMove>False</canMove>
          <alias>label</alias>
          <font family="Segoe+UI" displayName="Segoe+UI" postScript="" weightStyle="Regular" weight="400" isBold="False" isItalic="False"/>
          <text>Label</text>
          <textSize>28</textSize>
          <textAlign>HaCenter</textAlign>
          <lineSpacing>0</lineSpacing>
          <selectedIndex>-1</selectedIndex>
        </control>
        <control controlID="6850C8BD-922D-489D-9FE6-E250C7B82787" controlTypeID="Shape" x="25" y="0" w="13" h="13" zOrder="3">
          <color>4294901760</color>
          <borderVisible>False</borderVisible>
          <canMove>False</canMove>
          <alias>alarm</alias>
          <font family="Segoe+UI" displayName="Segoe+UI" postScript="" weightStyle="Regular" weight="400" isBold="False" isItalic="False"/>
          <text>2</text>
          <textColor>4294967295</textColor>
          <textSize>8</textSize>
          <selectedIndex>-1</selectedIndex>
          <radius>100</radius>
          <radiusIsPercent>True</radiusIsPercent>
        </control>
      </groupChildrenDescriptors>
    </control>
    <control controlID="0349A328-5271-434E-AE98-5906D24539A6" controlTypeID="IconButton2" x="0" y="1271" w="38" h="38" zOrder="35">
      <groupChildrenDescriptors>
        <control controlID="33296B48-1F6F-4054-9685-ED8BDA34CECA" controlTypeID="Shape" x="0" y="0" w="38" h="38" zOrder="0">
          <canMove>False</canMove>
          <alias>shape</alias>
          <font family="Segoe+UI" displayName="Segoe+UI" postScript="" weightStyle="Regular" weight="400" isBold="False" isItalic="False"/>
          <textSize>28</textSize>
          <selectedIndex>-1</selectedIndex>
          <shapeBorderType>SbEllipse</shapeBorderType>
        </control>
        <control controlID="776BBB80-DB57-45BE-AA3F-E767A360A1F4" controlTypeID="Icon" x="7" y="7" w="24" h="24" zOrder="1">
          <canMove>False</canMove>
          <alias>icon</alias>
          <icon>
            <ID/>
            <iconFontName>jdIonicons</iconFontName>
            <iconCode>62304</iconCode>
          </icon>
          <URL>E824BDFC2A61421270F3A0DA09351C67.svg</URL>
        </control>
        <control controlID="450F0795-6E23-48BD-8EFD-DA2937ED2B1C" controlTypeID="Label" x="-16" y="-4" w="63" h="38" zOrder="2">
          <canMove>False</canMove>
          <alias>label</alias>
          <font family="Segoe+UI" displayName="Segoe+UI" postScript="" weightStyle="Regular" weight="400" isBold="False" isItalic="False"/>
          <text>Label</text>
          <textSize>28</textSize>
          <textAlign>HaCenter</textAlign>
          <lineSpacing>0</lineSpacing>
          <selectedIndex>-1</selectedIndex>
        </control>
        <control controlID="26981690-A855-4ACC-8F96-7CF5AFBF2104" controlTypeID="Shape" x="25" y="0" w="13" h="13" zOrder="3">
          <color>4294901760</color>
          <borderVisible>False</borderVisible>
          <canMove>False</canMove>
          <alias>alarm</alias>
          <font family="Segoe+UI" displayName="Segoe+UI" postScript="" weightStyle="Regular" weight="400" isBold="False" isItalic="False"/>
          <text>2</text>
          <textColor>4294967295</textColor>
          <textSize>8</textSize>
          <selectedIndex>-1</selectedIndex>
          <radius>100</radius>
          <radiusIsPercent>True</radiusIsPercent>
        </control>
      </groupChildrenDescriptors>
    </control>
    <control controlID="470E9588-3118-4341-96DF-3AADA2A1C9DF" controlTypeID="IconButton2" x="1362" y="1289" w="38" h="38" zOrder="36">
      <groupChildrenDescriptors>
        <control controlID="BA539437-3A83-4C7A-8FAD-D375AA612B04" controlTypeID="Shape" x="0" y="0" w="38" h="38" zOrder="0">
          <canMove>False</canMove>
          <alias>shape</alias>
          <font family="Segoe+UI" displayName="Segoe+UI" postScript="" weightStyle="Regular" weight="400" isBold="False" isItalic="False"/>
          <textSize>28</textSize>
          <selectedIndex>-1</selectedIndex>
          <shapeBorderType>SbEllipse</shapeBorderType>
        </control>
        <control controlID="DD55821F-E09F-40E3-9C34-00C9E1EAACF5" controlTypeID="Icon" x="7" y="7" w="24" h="24" zOrder="1">
          <canMove>False</canMove>
          <alias>icon</alias>
          <icon>
            <ID/>
            <iconFontName>jdIonicons</iconFontName>
            <iconCode>62306</iconCode>
          </icon>
          <URL>9DDACFA1CF56DBAEDCDB44BD9EE77A8A.svg</URL>
        </control>
        <control controlID="5706E22D-064F-45B7-8C05-43AABAAD4CFC" controlTypeID="Label" x="-16" y="-4" w="63" h="38" zOrder="2">
          <canMove>False</canMove>
          <alias>label</alias>
          <font family="Segoe+UI" displayName="Segoe+UI" postScript="" weightStyle="Regular" weight="400" isBold="False" isItalic="False"/>
          <text>Label</text>
          <textSize>28</textSize>
          <textAlign>HaCenter</textAlign>
          <lineSpacing>0</lineSpacing>
          <selectedIndex>-1</selectedIndex>
        </control>
        <control controlID="C84A79BD-91D2-4C4E-9614-64768B73EE91" controlTypeID="Shape" x="25" y="0" w="13" h="13" zOrder="3">
          <color>4294901760</color>
          <borderVisible>False</borderVisible>
          <canMove>False</canMove>
          <alias>alarm</alias>
          <font family="Segoe+UI" displayName="Segoe+UI" postScript="" weightStyle="Regular" weight="400" isBold="False" isItalic="False"/>
          <text>2</text>
          <textColor>4294967295</textColor>
          <textSize>8</textSize>
          <selectedIndex>-1</selectedIndex>
          <radius>100</radius>
          <radiusIsPercent>True</radiusIsPercent>
        </control>
      </groupChildrenDescriptors>
    </control>
    <control controlID="798C73C4-2BCE-4587-8F03-BF870C9378C4" controlTypeID="Line" x="0" y="354" w="1400" h="1" zOrder="37">
      <font family="Segoe+UI" displayName="Segoe+UI" postScript="" weightStyle="Regular" weight="400" isBold="False" isItalic="False"/>
      <textSize>28</textSize>
      <lineSpacing>0</lineSpacing>
      <selectedIndex>-1</selectedIndex>
      <controlPoint>(700,0)</controlPoint>
      <startPoint>(0,0)</startPoint>
      <endPoint>(1400,0)</endPoint>
    </control>
    <control controlID="D0049F84-30AC-4005-AE8B-29BCA91A3C80" controlTypeID="Search" x="976" y="267" w="376" h="39" zOrder="38">
      <font family="Segoe+UI" displayName="Segoe+UI" postScript="" weightStyle="Regular" weight="400" isBold="False" isItalic="False"/>
      <text>Search+for+music+you+love+</text>
      <textColor>2046820352</textColor>
      <textSize>20</textSize>
      <textVAlign>VaTop</textVAlign>
      <lineSpacing>0</lineSpacing>
      <useDefaultTextSize>False</useDefaultTextSize>
      <selectedIndex>-1</selectedIndex>
    </control>
    <control controlID="1435CEAD-913D-43D9-AF6C-1CB9BDA4A07B" controlTypeID="Button" x="394" y="47" w="106" h="52" zOrder="39">
      <color>4293190884</color>
      <links eventType="AtClick" animate="AmNone" animateAutoDelay="0" animateDuration="500">
        <link targetPageID="425A98AB-9F07-4E15-BFDD-FB5364861C8F" linkType="ltPageLink" isApplyIncludePage="False" title="Home+2">
          <area shape="0" alt="" ID="{9039C83D-0242-48A8-9795-E8950B88AEE5}" coords="(0,0,106,52)"/>
        </link>
      </links>
      <font family="Segoe+UI" displayName="Segoe+UI" postScript="" weightStyle="Regular" weight="400" isBold="False" isItalic="False" useDefaultFontFamily="False"/>
      <text>HOME</text>
      <textSize>28</textSize>
      <lineSpacing>0</lineSpacing>
      <useDefaultTextSize>False</useDefaultTextSize>
      <selectedIndex>-1</selectedIndex>
      <radius>100</radius>
      <radiusIsPercent>True</radiusIsPercent>
    </control>
  </controls>
  <param>
    <backgroundColor>4293190884</backgroundColor>
    <fontSize>28</fontSize>
    <fontFamily>Segoe+UI</fontFamily>
    <guideLines/>
  </param>
</mockup>