﻿<mockup version="5.3" minAllowVersion="5.3" ID="BD193AFF-70A0-41C2-A87E-D5AA02699736" platform="MtWeb" defaultW="1400" defaultH="1450" measureW="1400" measureH="1450" mobileScreenScale="0">
  <controls controlCount="62">
    <control controlID="FFA3625D-EFE0-4B4C-AED0-FE7D1D5A560E" controlTypeID="Shape" x="0" y="312" w="1400" h="524" zOrder="0">
      <color>4294177779</color>
      <borderColor>4281808953</borderColor>
      <borderVisible>False</borderVisible>
      <font family="Segoe+UI" displayName="Segoe+UI" postScript="" weightStyle="Regular" weight="400" isBold="False" isItalic="False"/>
      <textSize>28</textSize>
      <selectedIndex>-1</selectedIndex>
    </control>
    <control controlID="2BF62165-38D8-4C83-B4B3-78E348EE9C41" controlTypeID="Image" x="0" y="0" w="1400" h="1450" zOrder="1">
      <opacity>0.850000023841858</opacity>
      <URL>539D4D7FD21DB58B55AD7CFA1C51A47B.jpg</URL>
      <showText>False</showText>
    </control>
    <control controlID="0BD2F298-3ACD-4FA3-A2A9-3BA7CFE50F1F" controlTypeID="Line" x="988" y="4403" w="68" h="4" zOrder="2">
      <color>4290591232</color>
      <font family="Segoe+UI" displayName="Segoe+UI" postScript="" weightStyle="Regular" weight="400" isBold="False" isItalic="False"/>
      <textColor>4290591232</textColor>
      <textSize>28</textSize>
      <lineSpacing>0</lineSpacing>
      <selectedIndex>-1</selectedIndex>
      <controlPoint>(34,2)</controlPoint>
      <startPoint>(2,2)</startPoint>
      <endPoint>(67,2)</endPoint>
      <thickness>3</thickness>
    </control>
    <control controlID="725CCC57-0541-4DBF-A797-146BA0CA36FF" controlTypeID="Label" x="687" y="59" w="165" h="38" zOrder="3">
      <links eventType="AtClick" animate="AmNone" animateAutoDelay="0" animateDuration="500">
        <link targetPageID="D787943C-55CB-4922-8217-BECC080E3C57" linkType="ltPageLink" isApplyIncludePage="False" title="My+stream">
          <area shape="0" alt="" ID="{33352099-43A5-4BF3-BF14-39B7623EDE20}" coords="(0,0,165,38)"/>
        </link>
      </links>
      <font family="Segoe+UI" displayName="Segoe+UI" postScript="" weightStyle="Regular" weight="400" isBold="False" isItalic="False"/>
      <text>MY+STREAMS</text>
      <textColor>4294967295</textColor>
      <textSize>28</textSize>
      <lineSpacing>0</lineSpacing>
      <selectedIndex>-1</selectedIndex>
    </control>
    <control controlID="8B6BA446-4E18-47AF-9D52-786FCDCBD1B6" controlTypeID="Label" x="888" y="59" w="151" h="38" zOrder="4">
      <links eventType="AtClick" animate="AmNone" animateAutoDelay="0" animateDuration="500">
        <link targetPageID="2781DBA1-A02C-448A-A3AE-53C0C29D05D9" linkType="ltPageLink" isApplyIncludePage="False" title="My+Shouts">
          <area shape="0" alt="" ID="{9A4C19E8-B612-45D0-90BC-EE19176AF276}" coords="(0,0,151,38)"/>
        </link>
      </links>
      <font family="Segoe+UI" displayName="Segoe+UI" postScript="" weightStyle="Regular" weight="400" isBold="False" isItalic="False"/>
      <text>MY+SHOUTS</text>
      <textColor>4294967295</textColor>
      <textSize>28</textSize>
      <lineSpacing>0</lineSpacing>
      <selectedIndex>-1</selectedIndex>
    </control>
    <control controlID="218DC1DC-AA39-41F0-9A17-00542C757E9A" controlTypeID="Search" x="962" y="264" w="405" h="36" zOrder="5">
      <font family="Segoe+UI" displayName="Segoe+UI" postScript="" weightStyle="Regular" weight="400" isBold="False" isItalic="False"/>
      <text>Search+for+music+you+love+</text>
      <textColor>2046820352</textColor>
      <textSize>20</textSize>
      <textVAlign>VaTop</textVAlign>
      <lineSpacing>0</lineSpacing>
      <useDefaultTextSize>False</useDefaultTextSize>
      <selectedIndex>-1</selectedIndex>
    </control>
    <control controlID="D880D9F2-F96E-401A-9BDC-6E6864970DAB" controlTypeID="Label" x="529" y="58" w="133" h="38" zOrder="6">
      <links eventType="AtClick" animate="AmNone" animateAutoDelay="0" animateDuration="500">
        <link targetPageID="BD193AFF-70A0-41C2-A87E-D5AA02699736" linkType="ltPageLink" isApplyIncludePage="False" title="My+Artist">
          <area shape="0" alt="" ID="{346E466C-5679-4A08-8379-2B8D2B5AA016}" coords="(0,0,133,38)"/>
        </link>
      </links>
      <font family="Segoe+UI" displayName="Segoe+UI" postScript="" weightStyle="Regular" weight="400" isBold="False" isItalic="False"/>
      <text>MY+ARTIST</text>
      <textColor>4294967295</textColor>
      <textSize>28</textSize>
      <lineSpacing>0</lineSpacing>
      <selectedIndex>-1</selectedIndex>
    </control>
    <control controlID="02916428-4BA1-4814-9944-6245430202EF" controlTypeID="Button" x="334" y="58" w="161" h="44" zOrder="7">
      <color>4294111986</color>
      <borderVisible>False</borderVisible>
      <links eventType="AtClick" animate="AmNone" animateAutoDelay="0" animateDuration="500">
        <link targetPageID="4A0D339D-9182-425A-A673-178FA0C98669" linkType="ltPageLink" isApplyIncludePage="False" title="HOME">
          <area shape="0" alt="" ID="{39BA0992-1E6B-45A1-B888-E20E8F151352}" coords="(0,0,161,44)"/>
        </link>
      </links>
      <font family="Segoe+UI" displayName="Segoe+UI" postScript="" weightStyle="Regular" weight="400" isBold="False" isItalic="False" useDefaultFontFamily="False"/>
      <text>HOME</text>
      <textSize>28</textSize>
      <lineSpacing>0</lineSpacing>
      <useDefaultTextSize>False</useDefaultTextSize>
      <selectedIndex>-1</selectedIndex>
    </control>
    <control controlID="E269EF08-92BF-45BB-BFB5-DD206A02FDF8" controlTypeID="Icon" x="1133" y="65" w="24" h="24" zOrder="8">
      <color>4294967295</color>
      <icon>
        <ID/>
        <iconFontName>jdIonicons</iconFontName>
        <iconCode>62368</iconCode>
      </icon>
      <URL>B91434690C5B5224D1CC6B1998F1178A.svg</URL>
    </control>
    <control controlID="08CE4654-FA1A-47B7-A874-9B8D6FB43BAD" controlTypeID="Label" x="1186" y="58" w="67" h="38" zOrder="9">
      <links eventType="AtClick" animate="AmNone" animateAutoDelay="0" animateDuration="500">
        <link targetPageID="A8DB2508-17C8-4108-87DB-6F4A73B2CD29" linkType="ltPageLink" isApplyIncludePage="False" title="Login">
          <area shape="0" alt="" ID="{3AFEF2BE-F533-4ADC-919B-D978471137BD}" coords="(0,0,67,38)"/>
        </link>
      </links>
      <font family="Segoe+UI" displayName="Segoe+UI" postScript="" weightStyle="Regular" weight="400" isBold="False" isItalic="False"/>
      <text>Login+</text>
      <textColor>4294967295</textColor>
      <textSize>28</textSize>
      <lineSpacing>0</lineSpacing>
      <selectedIndex>-1</selectedIndex>
    </control>
    <control controlID="D8234E72-5FC7-4D26-9020-4453BDBE64FB" controlTypeID="Label" x="1268" y="58" w="99" h="38" zOrder="10">
      <interactiveData>
        <entry title="">
          <area shape="0" alt="" ID="{8595594D-77DC-425E-8BF5-08D0A9A02090}" coords="(0,0,99,38)"/>
          <events title="">
            <event eventType="atClick" isChecked="True">
              <behaviour title="" isChecked="True" isWait="False" isLoop="False" execMode="emParallel">
                <target targetID="2BF62165-38D8-4C83-B4B3-78E348EE9C41" isChecked="True" isAutoRecovery="False" isLoop="False" execMode="emSequence">
                  <command name="Change Visibility" isChecked="True" descrition="">
                    <param name="AniInterpolation" value="1" varType="3" description=""/>
                    <param name="AniDuration" value="200" varType="3" description=""/>
                    <param name="AniAutoReverse" value="False" varType="11" description=""/>
                    <param name="AniLoop" value="False" varType="11" description=""/>
                    <param name="AniInterpolationTypeOut" value="False" varType="11" description=""/>
                    <param name="Delay" value="0" varType="3" description=""/>
                    <param name="ValueFromCurrent" value="True" varType="11" description=""/>
                    <param name="ForceFromInitValue" value="False" varType="11" description=""/>
                    <param name="ForceSetVisible" value="False" varType="11" description=""/>
                    <param name="Value" value="2" varType="3" description=""/>
                    <param name="TerminateLoopByClick" value="True" varType="11" description=""/>
                  </command>
                </target>
              </behaviour>
            </event>
          </events>
        </entry>
      </interactiveData>
      <font family="Segoe+UI" displayName="Segoe+UI" postScript="" weightStyle="Regular" weight="400" isBold="False" isItalic="False"/>
      <text>Register</text>
      <textColor>4294967295</textColor>
      <textSize>28</textSize>
      <lineSpacing>0</lineSpacing>
      <selectedIndex>-1</selectedIndex>
    </control>
    <control controlID="8AC173A7-2923-4704-B111-182ACA5C2F48" controlTypeID="Image" x="228" y="405" w="904" h="286" zOrder="11">
      <URL>44F3EEF1AB42FD4802A7CB7114A02621.png</URL>
      <showText>False</showText>
    </control>
    <control controlID="16094258-9FE1-4C3F-8375-04F772B490A0" controlTypeID="Image" x="0" y="405" w="172" h="286" zOrder="12">
      <URL>D38140EF3901479DAAAC9CC9239AFEF7.png</URL>
    </control>
    <control controlID="628F7971-923F-49B7-98F2-F1A5487C06B0" controlTypeID="Image" x="1188" y="405" w="212" h="286" zOrder="13">
      <URL>F5D6BD735FA1165B1E2794BE2F7E06A7.png</URL>
    </control>
    <control controlID="C49AE5E9-0283-402C-9A2D-2B5FEC98C258" controlTypeID="PageControlEx" x="594" y="701" w="200" h="40" zOrder="14">
      <selectedColor>4278190080</selectedColor>
    </control>
    <control controlID="A17C7112-7122-4E6D-AAFB-6F03B91B3C33" controlTypeID="Line" x="-5" y="751" w="1405" h="4" zOrder="15">
      <color>4294967295</color>
      <font family="Segoe+UI" displayName="Segoe+UI" postScript="" weightStyle="Regular" weight="400" isBold="False" isItalic="False"/>
      <textColor>4294967295</textColor>
      <textSize>28</textSize>
      <lineSpacing>0</lineSpacing>
      <selectedIndex>-1</selectedIndex>
      <controlPoint>(704,2)</controlPoint>
      <startPoint>(2,2)</startPoint>
      <endPoint>(1405,2)</endPoint>
      <thickness>4</thickness>
    </control>
    <control controlID="2010AF20-4346-4968-B321-4D5545990B27" controlTypeID="Image" x="63" y="874" w="150" h="150" zOrder="16">
      <URL>F11269C57FFEE5ED3BAC629A6B1FC5F0.png</URL>
    </control>
    <control controlID="FA61257A-60BD-4CC1-9710-2E07AB6EBFF0" controlTypeID="Image" x="281" y="874" w="150" h="150" zOrder="17">
      <URL>28C7ACC951DFBD985489058537C14EDA.png</URL>
    </control>
    <control controlID="2040A9DB-2964-4D04-A7E3-1053B8C24263" controlTypeID="Image" x="500" y="874" w="150" h="150" zOrder="18">
      <URL>B92A93242BFD4C947768AFC597347C55.png</URL>
    </control>
    <control controlID="BF745578-5C83-4358-9D3C-FC4529628925" controlTypeID="Image" x="736" y="874" w="150" h="150" zOrder="19">
      <URL>52135DE64ADBA9A0274C741473C82167.png</URL>
    </control>
    <control controlID="A9DB4035-1685-46B2-824A-A6E2CC942889" controlTypeID="Image" x="967" y="874" w="150" h="150" zOrder="20">
      <URL>F3C64B69AED3D11529E2583EDA7BAA97.png</URL>
    </control>
    <control controlID="EFE2C791-7F83-4559-A5DF-677F885C65F5" controlTypeID="Image" x="1189" y="874" w="150" h="150" zOrder="21">
      <URL>B92A93242BFD4C947768AFC597347C55.png</URL>
    </control>
    <control controlID="722371D1-48EA-4A07-840B-DEF52A32857D" controlTypeID="Label" x="67" y="798" w="254" h="38" zOrder="22">
      <font family="Segoe+UI" displayName="Segoe+UI" postScript="" weightStyle="Regular" weight="400" isBold="False" isItalic="False"/>
      <text>Talent+Scout+Top+100</text>
      <textColor>4294967295</textColor>
      <textSize>28</textSize>
      <lineSpacing>0</lineSpacing>
      <selectedIndex>-1</selectedIndex>
    </control>
    <control controlID="BAD8ED86-6051-4561-A12E-FE0A39C7D7C8" controlTypeID="IconButton2" x="1352" y="930" w="38" h="38" zOrder="23">
      <groupChildrenDescriptors>
        <control controlID="5B5EB372-3C36-40A9-BA99-09C7B47E2A54" controlTypeID="Shape" x="0" y="0" w="38" h="38" zOrder="0">
          <canMove>False</canMove>
          <alias>shape</alias>
          <font family="Segoe+UI" displayName="Segoe+UI" postScript="" weightStyle="Regular" weight="400" isBold="False" isItalic="False"/>
          <textSize>28</textSize>
          <selectedIndex>-1</selectedIndex>
          <shapeBorderType>SbEllipse</shapeBorderType>
        </control>
        <control controlID="2CF78FCA-1A5E-4F09-AB12-BBB6C7F8A1D1" controlTypeID="Icon" x="7" y="7" w="24" h="24" zOrder="1">
          <canMove>False</canMove>
          <alias>icon</alias>
          <icon>
            <ID/>
            <iconFontName>jdIonicons</iconFontName>
            <iconCode>62306</iconCode>
          </icon>
          <URL>9DDACFA1CF56DBAEDCDB44BD9EE77A8A.svg</URL>
        </control>
        <control controlID="8F9DF696-C0D6-478E-95B9-FE79E8B5E6AC" controlTypeID="Label" x="-16" y="-4" w="63" h="38" zOrder="2">
          <canMove>False</canMove>
          <alias>label</alias>
          <font family="Segoe+UI" displayName="Segoe+UI" postScript="" weightStyle="Regular" weight="400" isBold="False" isItalic="False"/>
          <text>Label</text>
          <textSize>28</textSize>
          <textAlign>HaCenter</textAlign>
          <lineSpacing>0</lineSpacing>
          <selectedIndex>-1</selectedIndex>
        </control>
        <control controlID="17486CF5-8E65-4CB9-9C43-BAD0282166A4" controlTypeID="Shape" x="25" y="0" w="13" h="13" zOrder="3">
          <color>4294901760</color>
          <borderVisible>False</borderVisible>
          <canMove>False</canMove>
          <alias>alarm</alias>
          <font family="Segoe+UI" displayName="Segoe+UI" postScript="" weightStyle="Regular" weight="400" isBold="False" isItalic="False"/>
          <text>2</text>
          <textColor>4294967295</textColor>
          <textSize>8</textSize>
          <selectedIndex>-1</selectedIndex>
          <radius>100</radius>
          <radiusIsPercent>True</radiusIsPercent>
        </control>
      </groupChildrenDescriptors>
    </control>
    <control controlID="FB8F032F-117F-4F7A-A347-C1D01B0A60DE" controlTypeID="IconButton2" x="10" y="930" w="38" h="38" zOrder="24">
      <groupChildrenDescriptors>
        <control controlID="46461368-AE98-4E2A-92AB-56226B984C4A" controlTypeID="Shape" x="0" y="0" w="38" h="38" zOrder="0">
          <canMove>False</canMove>
          <alias>shape</alias>
          <font family="Segoe+UI" displayName="Segoe+UI" postScript="" weightStyle="Regular" weight="400" isBold="False" isItalic="False"/>
          <textSize>28</textSize>
          <selectedIndex>-1</selectedIndex>
          <shapeBorderType>SbEllipse</shapeBorderType>
        </control>
        <control controlID="ED1496CE-3703-4781-9D44-902E768AAFE5" controlTypeID="Icon" x="7" y="7" w="24" h="24" zOrder="1">
          <canMove>False</canMove>
          <alias>icon</alias>
          <icon>
            <ID/>
            <iconFontName>jdIonicons</iconFontName>
            <iconCode>62304</iconCode>
          </icon>
          <URL>E824BDFC2A61421270F3A0DA09351C67.svg</URL>
        </control>
        <control controlID="0D9B2B25-4DC8-4FBB-BD4E-48702574405D" controlTypeID="Label" x="-16" y="-4" w="63" h="38" zOrder="2">
          <canMove>False</canMove>
          <alias>label</alias>
          <font family="Segoe+UI" displayName="Segoe+UI" postScript="" weightStyle="Regular" weight="400" isBold="False" isItalic="False"/>
          <text>Label</text>
          <textSize>28</textSize>
          <textAlign>HaCenter</textAlign>
          <lineSpacing>0</lineSpacing>
          <selectedIndex>-1</selectedIndex>
        </control>
        <control controlID="D6813D83-08F7-47F4-B146-8390E52A35B4" controlTypeID="Shape" x="25" y="0" w="13" h="13" zOrder="3">
          <color>4294901760</color>
          <borderVisible>False</borderVisible>
          <canMove>False</canMove>
          <alias>alarm</alias>
          <font family="Segoe+UI" displayName="Segoe+UI" postScript="" weightStyle="Regular" weight="400" isBold="False" isItalic="False"/>
          <text>2</text>
          <textColor>4294967295</textColor>
          <textSize>8</textSize>
          <selectedIndex>-1</selectedIndex>
          <radius>100</radius>
          <radiusIsPercent>True</radiusIsPercent>
        </control>
      </groupChildrenDescriptors>
    </control>
    <control controlID="E2298CCC-9CE2-48F2-80A2-9D606140B985" controlTypeID="Master" x="0" y="1359" w="1400" h="91" zOrder="25" masterID="24338112-78F9-4D38-8F21-F0FAFA2D27E7">
      <groupChildrenDescriptors>
        <control controlID="DDC91BE1-9188-4854-B589-AADF4C574E2B" controlTypeID="__group__" x="0" y="0" w="1400" h="91" zOrder="0">
          <groupChildrenDescriptors>
            <control controlID="75BEE671-C241-46E8-81C4-E09E8F2D21BA" controlTypeID="Shape" x="0" y="0" w="1400" h="91" zOrder="0">
              <color>4289638062</color>
              <font family="" displayName="%E5%BE%AE%E8%BD%AF%E9%9B%85%E9%BB%91" postScript="" weightStyle="Regular" weight="400" isBold="False" isItalic="False"/>
              <textColor>4289638062</textColor>
              <textSize>14</textSize>
              <selectedIndex>-1</selectedIndex>
            </control>
            <control controlID="E23F2193-66C9-4967-BF89-BC13946F8B84" controlTypeID="Label" x="1124" y="38" w="88" h="27" zOrder="1">
              <font family="" displayName="%E5%BE%AE%E8%BD%AF%E9%9B%85%E9%BB%91" postScript="" weightStyle="Regular" weight="400" isBold="False" isItalic="False"/>
              <text>Follow+Us%3A</text>
              <textSize>20</textSize>
              <lineSpacing>0</lineSpacing>
              <useDefaultTextSize>False</useDefaultTextSize>
              <selectedIndex>-1</selectedIndex>
            </control>
            <control controlID="CBBC17D8-0E90-4484-90BC-ACED0C2C1292" controlTypeID="Label" x="45" y="38" w="369" h="27" zOrder="2">
              <color>16777215</color>
              <font family="" displayName="%E5%BE%AE%E8%BD%AF%E9%9B%85%E9%BB%91" postScript="" weightStyle="Regular" weight="400" isBold="False" isItalic="False"/>
              <text>%C2%A9+2018+J2SM+Software+All+rights+reserved.</text>
              <textSize>20</textSize>
              <textAlign>HaCenter</textAlign>
              <lineSpacing>0</lineSpacing>
              <useDefaultTextSize>False</useDefaultTextSize>
              <selectedIndex>-1</selectedIndex>
            </control>
            <control controlID="DB403C73-6026-441B-98A4-A9B9449FB932" controlTypeID="Icon" x="1276" y="40" w="24" h="24" zOrder="3">
              <states>
                <state propName="Color" stateType="state_mouseOver" isChecked="True" value="4291611852" varType="20"/>
              </states>
              <color>4278229503</color>
              <icon>
                <ID/>
                <iconFontName>jdFontAwesome</iconFontName>
                <iconCode>61570</iconCode>
              </icon>
              <URL>4CEBA48D845888E06C868951A5E1A875.svg</URL>
            </control>
            <control controlID="F8D8A07E-9B83-4BD2-835A-10295766F5F9" controlTypeID="Icon" x="1317" y="40" w="24" h="24" zOrder="4">
              <states>
                <state propName="Color" stateType="state_mouseOver" isChecked="True" value="4291611852" varType="20"/>
              </states>
              <color>4281571839</color>
              <icon>
                <ID/>
                <iconFontName>jdFontAwesome</iconFontName>
                <iconCode>61569</iconCode>
              </icon>
              <URL>520A776503D70E7FC53BE8D209CC96C1.svg</URL>
            </control>
            <control controlID="B2BDC83C-6A87-4B41-BA6B-7B339AA79EF7" controlTypeID="Icon" x="1356" y="40" w="24" h="24" zOrder="5">
              <states>
                <state propName="Color" stateType="state_mouseOver" isChecked="True" value="4291611852" varType="20"/>
              </states>
              <color>4290591232</color>
              <icon>
                <ID/>
                <iconFontName>jdFontAwesome</iconFontName>
                <iconCode>61652</iconCode>
              </icon>
              <URL>282331BE75C40FB6D299F787B7BFD38F.svg</URL>
            </control>
            <control controlID="16A89B81-8944-4C5D-80C9-191A2840DA81" controlTypeID="Icon" x="1232" y="38" w="28" h="28" zOrder="6">
              <states>
                <state propName="Color" stateType="state_mouseOver" isChecked="True" value="4291611852" varType="20"/>
              </states>
              <color>4290591232</color>
              <icon>
                <ID/>
                <iconFontName>jdIonicons</iconFontName>
                <iconCode>62029</iconCode>
              </icon>
              <URL>4529DADA0AD1F8BF89E5709239A0C3BD.svg</URL>
            </control>
          </groupChildrenDescriptors>
        </control>
      </groupChildrenDescriptors>
    </control>
    <control controlID="0CACA775-1478-417C-ABAF-AB7191819960" controlTypeID="Image" x="63" y="1176" w="150" h="150" zOrder="26">
      <URL>B92A93242BFD4C947768AFC597347C55.png</URL>
    </control>
    <control controlID="7056FB0D-FBBB-4A23-9BAC-18DC359A287F" controlTypeID="Image" x="281" y="1176" w="150" h="150" zOrder="27">
      <URL>2C8DF6468A002E1513735D340D296412.png</URL>
    </control>
    <control controlID="745DDC04-A5D7-4203-B8D7-CC593779F970" controlTypeID="Image" x="500" y="1176" w="150" h="150" zOrder="28">
      <URL>F11269C57FFEE5ED3BAC629A6B1FC5F0.png</URL>
    </control>
    <control controlID="53A9C364-0491-4889-A6B8-6A7B977ECC82" controlTypeID="Image" x="736" y="1176" w="150" h="150" zOrder="29">
      <URL>28C7ACC951DFBD985489058537C14EDA.png</URL>
    </control>
    <control controlID="B98CBDD7-5434-44D3-86CF-4A63B92BA515" controlTypeID="Image" x="967" y="1176" w="150" h="150" zOrder="30">
      <URL>7AFD823214A86CF07DB3827B7BC2FD9C.png</URL>
    </control>
    <control controlID="81333D1B-76D5-43B7-B4F3-D6B626005520" controlTypeID="Image" x="1189" y="1176" w="150" h="150" zOrder="31">
      <URL>44FF53C68DE92391EBB2E3B4787E8600.png</URL>
    </control>
    <control controlID="EF1BC58C-5551-489B-BD64-B47BF32623C4" controlTypeID="Label" x="63" y="1087" w="261" h="38" zOrder="32">
      <font family="Segoe+UI" displayName="Segoe+UI" postScript="" weightStyle="Regular" weight="400" isBold="False" isItalic="False"/>
      <text>International+Top+100</text>
      <textColor>4294967295</textColor>
      <textSize>28</textSize>
      <lineSpacing>0</lineSpacing>
      <selectedIndex>-1</selectedIndex>
    </control>
    <control controlID="F0184B3A-27EE-435C-8D05-8ECBE8748CF4" controlTypeID="IconButton2" x="1349" y="1232" w="38" h="38" zOrder="33">
      <groupChildrenDescriptors>
        <control controlID="1A653DDA-9329-4D2D-AEA0-7C2D74B480C2" controlTypeID="Shape" x="0" y="0" w="38" h="38" zOrder="0">
          <canMove>False</canMove>
          <alias>shape</alias>
          <font family="Segoe+UI" displayName="Segoe+UI" postScript="" weightStyle="Regular" weight="400" isBold="False" isItalic="False"/>
          <textSize>28</textSize>
          <selectedIndex>-1</selectedIndex>
          <shapeBorderType>SbEllipse</shapeBorderType>
        </control>
        <control controlID="6B3F61F0-E7E8-4F5C-8021-3F4884C5AA19" controlTypeID="Icon" x="7" y="7" w="24" h="24" zOrder="1">
          <canMove>False</canMove>
          <alias>icon</alias>
          <icon>
            <ID/>
            <iconFontName>jdIonicons</iconFontName>
            <iconCode>62306</iconCode>
          </icon>
          <URL>9DDACFA1CF56DBAEDCDB44BD9EE77A8A.svg</URL>
        </control>
        <control controlID="EFA74AE6-D381-46D0-9A16-B2DAB933E0E9" controlTypeID="Label" x="-16" y="-4" w="63" h="38" zOrder="2">
          <canMove>False</canMove>
          <alias>label</alias>
          <font family="Segoe+UI" displayName="Segoe+UI" postScript="" weightStyle="Regular" weight="400" isBold="False" isItalic="False"/>
          <text>Label</text>
          <textSize>28</textSize>
          <textAlign>HaCenter</textAlign>
          <lineSpacing>0</lineSpacing>
          <selectedIndex>-1</selectedIndex>
        </control>
        <control controlID="2C3A5B38-2503-4ECF-9E39-E32200A9C73A" controlTypeID="Shape" x="25" y="0" w="13" h="13" zOrder="3">
          <color>4294901760</color>
          <borderVisible>False</borderVisible>
          <canMove>False</canMove>
          <alias>alarm</alias>
          <font family="Segoe+UI" displayName="Segoe+UI" postScript="" weightStyle="Regular" weight="400" isBold="False" isItalic="False"/>
          <text>2</text>
          <textColor>4294967295</textColor>
          <textSize>8</textSize>
          <selectedIndex>-1</selectedIndex>
          <radius>100</radius>
          <radiusIsPercent>True</radiusIsPercent>
        </control>
      </groupChildrenDescriptors>
    </control>
    <control controlID="7C976676-244A-41D6-B113-25ABB87D7369" controlTypeID="IconButton2" x="10" y="1232" w="38" h="38" zOrder="34">
      <groupChildrenDescriptors>
        <control controlID="4BBEC6DB-F915-49A0-AA3B-7E9785E48BBF" controlTypeID="Shape" x="0" y="0" w="38" h="38" zOrder="0">
          <canMove>False</canMove>
          <alias>shape</alias>
          <font family="Segoe+UI" displayName="Segoe+UI" postScript="" weightStyle="Regular" weight="400" isBold="False" isItalic="False"/>
          <textSize>28</textSize>
          <selectedIndex>-1</selectedIndex>
          <shapeBorderType>SbEllipse</shapeBorderType>
        </control>
        <control controlID="AFB439FA-F937-4D48-9A8F-C55F0A98E331" controlTypeID="Icon" x="7" y="7" w="24" h="24" zOrder="1">
          <canMove>False</canMove>
          <alias>icon</alias>
          <icon>
            <ID/>
            <iconFontName>jdIonicons</iconFontName>
            <iconCode>62304</iconCode>
          </icon>
          <URL>E824BDFC2A61421270F3A0DA09351C67.svg</URL>
        </control>
        <control controlID="EB8CC642-8F07-48DB-A29E-A54ECEA67E46" controlTypeID="Label" x="-16" y="-4" w="63" h="38" zOrder="2">
          <canMove>False</canMove>
          <alias>label</alias>
          <font family="Segoe+UI" displayName="Segoe+UI" postScript="" weightStyle="Regular" weight="400" isBold="False" isItalic="False"/>
          <text>Label</text>
          <textSize>28</textSize>
          <textAlign>HaCenter</textAlign>
          <lineSpacing>0</lineSpacing>
          <selectedIndex>-1</selectedIndex>
        </control>
        <control controlID="C223CEBB-ABA7-4C82-96AB-FD44F8BE33A3" controlTypeID="Shape" x="25" y="0" w="13" h="13" zOrder="3">
          <color>4294901760</color>
          <borderVisible>False</borderVisible>
          <canMove>False</canMove>
          <alias>alarm</alias>
          <font family="Segoe+UI" displayName="Segoe+UI" postScript="" weightStyle="Regular" weight="400" isBold="False" isItalic="False"/>
          <text>2</text>
          <textColor>4294967295</textColor>
          <textSize>8</textSize>
          <selectedIndex>-1</selectedIndex>
          <radius>100</radius>
          <radiusIsPercent>True</radiusIsPercent>
        </control>
      </groupChildrenDescriptors>
    </control>
    <control controlID="9584A12A-868B-4E09-A0CF-02AA64CCF77F" controlTypeID="Line" x="-5" y="344" w="1405" h="4" zOrder="35">
      <color>4294967295</color>
      <font family="Segoe+UI" displayName="Segoe+UI" postScript="" weightStyle="Regular" weight="400" isBold="False" isItalic="False"/>
      <textColor>4294967295</textColor>
      <textSize>28</textSize>
      <lineSpacing>0</lineSpacing>
      <selectedIndex>-1</selectedIndex>
      <controlPoint>(704,2)</controlPoint>
      <startPoint>(2,2)</startPoint>
      <endPoint>(1405,2)</endPoint>
      <thickness>4</thickness>
    </control>
    <control controlID="984D6AB2-31FA-4DDD-A7FC-264D3B82EA54" controlTypeID="Image" x="34" y="85" w="550" h="215" zOrder="36">
      <caption>logo</caption>
      <links eventType="AtClick" animate="AmNone" animateAutoDelay="0" animateDuration="500">
        <link targetPageID="4A0D339D-9182-425A-A673-178FA0C98669" linkType="ltPageLink" isApplyIncludePage="False" title="HOME">
          <area shape="0" alt="" ID="{C56DFCAE-D55C-4015-B809-D1E98DD4F735}" coords="(0,0,550,215)"/>
        </link>
      </links>
      <interactiveData>
        <entry title="">
          <area shape="0" alt="" ID="{5A33E01D-B76C-411A-AB89-393C1E13A312}" coords="(0,0,550,215)"/>
          <events title="">
            <event eventType="atClick" isChecked="True">
              <behaviour title="" isChecked="True" isWait="False" isLoop="False" execMode="emParallel">
                <target targetID="D880D9F2-F96E-401A-9BDC-6E6864970DAB" isChecked="True" isAutoRecovery="False" isLoop="False" execMode="emSequence">
                  <command name="Set Text Color" isChecked="True" descrition="">
                    <param name="AniInterpolation" value="0" varType="3" description=""/>
                    <param name="AniDuration" value="200" varType="3" description=""/>
                    <param name="AniAutoReverse" value="False" varType="11" description=""/>
                    <param name="AniLoop" value="False" varType="11" description=""/>
                    <param name="AniInterpolationTypeOut" value="False" varType="11" description=""/>
                    <param name="Delay" value="0" varType="3" description=""/>
                    <param name="FromValue" value="0" varType="20" description=""/>
                    <param name="ToValue" value="4294967040" varType="20" description=""/>
                  </command>
                </target>
              </behaviour>
            </event>
          </events>
        </entry>
      </interactiveData>
      <URL>3893359F374036C0F836494E3CC0BD82.png</URL>
    </control>
    <control controlID="72D4F4CA-0D96-49A0-9BA7-C0768A1EB7E7" controlTypeID="Label" x="248" y="272" w="175" h="40" zOrder="37">
      <font family="Segoe+UI" displayName="Segoe+UI" postScript="" weightStyle="Regular" weight="400" isBold="False" isItalic="False"/>
      <text>Music+To+Live</text>
      <textColor>4294967040</textColor>
      <textSize>30</textSize>
      <lineSpacing>0</lineSpacing>
      <useDefaultTextSize>False</useDefaultTextSize>
      <selectedIndex>-1</selectedIndex>
    </control>
  </controls>
  <param>
    <backgroundColor>4293190884</backgroundColor>
    <fontSize>28</fontSize>
    <fontFamily>Segoe+UI</fontFamily>
    <guideLines>
      <guideLine isLocked="False" isHori="True" value="24"/>
      <guideLine isLocked="False" isHori="True" value="1376"/>
      <guideLine isLocked="False" isHori="False" value="39"/>
      <guideLine isLocked="False" isHori="False" value="1000"/>
      <guideLine isLocked="False" isHori="True" value="727"/>
      <guideLine isLocked="False" isHori="False" value="76"/>
      <guideLine isLocked="False" isHori="True" value="888"/>
      <guideLine isLocked="False" isHori="True" value="1224"/>
    </guideLines>
  </param>
</mockup>