﻿<mockup version="5.3" minAllowVersion="5.3" ID="554E39AD-36ED-4F5E-B6C7-2180A87CA026" platform="MtWeb" defaultW="1400" defaultH="1500" measureW="1400" measureH="1500" mobileScreenScale="0">
  <controls controlCount="1">
    <control controlID="2BF62165-38D8-4C83-B4B3-78E348EE9C41" controlTypeID="Image" x="3" y="0" w="1390" h="1424" zOrder="0">
      <opacity>0.800000011920929</opacity>
      <URL>539D4D7FD21DB58B55AD7CFA1C51A47B.jpg</URL>
      <showText>False</showText>
    </control>
  </controls>
  <param>
    <backgroundColor>4293190884</backgroundColor>
    <fontSize>28</fontSize>
    <fontFamily>Segoe+UI</fontFamily>
    <guideLines>
      <guideLine isLocked="False" isHori="True" value="21"/>
      <guideLine isLocked="False" isHori="True" value="1379"/>
      <guideLine isLocked="False" isHori="False" value="39"/>
      <guideLine isLocked="False" isHori="False" value="1000"/>
      <guideLine isLocked="False" isHori="True" value="724"/>
      <guideLine isLocked="False" isHori="False" value="76"/>
      <guideLine isLocked="False" isHori="True" value="885"/>
      <guideLine isLocked="False" isHori="True" value="1227"/>
    </guideLines>
  </param>
</mockup>