﻿<mockup version="5.3" minAllowVersion="5.3" ID="9E7EE126-BC99-4CF2-8433-3307DCE602C5" platform="MtWeb" defaultW="1400" defaultH="3000" measureW="1600" measureH="1200" mobileScreenScale="0">
  <controls controlCount="24">
    <control controlID="FFA3625D-EFE0-4B4C-AED0-FE7D1D5A560E" controlTypeID="Shape" x="0" y="0" w="1400" h="1200" zOrder="0">
      <locked>True</locked>
      <color>4281808953</color>
      <borderColor>4281808953</borderColor>
      <borderVisible>False</borderVisible>
      <font family="Arial" displayName="Arial" postScript="" weightStyle="Regular" weight="400" isBold="False" isItalic="False"/>
      <textSize>14</textSize>
      <selectedIndex>-1</selectedIndex>
    </control>
    <control controlID="EB177091-2EBD-4841-A999-F98782B4007B" controlTypeID="Label" x="540" y="123" w="330" h="69" zOrder="1">
      <font family="Arial" displayName="Arial" postScript="" weightStyle="Regular" weight="400" isBold="False" isItalic="False" useDefaultFontFamily="False"/>
      <text>Talent+Scout</text>
      <textColor>4292730333</textColor>
      <textSize>60</textSize>
      <lineSpacing>0</lineSpacing>
      <useDefaultTextSize>False</useDefaultTextSize>
      <selectedIndex>-1</selectedIndex>
    </control>
    <control controlID="9BD06A6E-AFBD-4E4B-A5D2-B5406F39B931" controlTypeID="Label" x="613" y="216" w="180" h="35" zOrder="2">
      <font family="Arial" displayName="Arial" postScript="" weightStyle="Regular" weight="400" isBold="False" isItalic="False"/>
      <text>Music+To+Live</text>
      <textColor>4294967295</textColor>
      <textSize>30</textSize>
      <lineSpacing>0</lineSpacing>
      <useDefaultTextSize>False</useDefaultTextSize>
      <selectedIndex>-1</selectedIndex>
    </control>
    <control controlID="38E54377-566A-4C85-BB09-0C5C457C17BE" controlTypeID="TextArea" x="314" y="300" w="771" h="74" zOrder="3">
      <font family="Arial" displayName="Arial" postScript="" weightStyle="Regular" weight="400" isBold="False" isItalic="False"/>
      <text>Mockplus+comes+with+nearly+200+components+and+more+than+3%2C000+icons+to+save+you+much+time+and+efforts+on+design.</text>
      <textColor>4294967295</textColor>
      <textSize>16</textSize>
      <textAlign>HaCenter</textAlign>
      <useDefaultTextSize>False</useDefaultTextSize>
      <selectedIndex>-1</selectedIndex>
    </control>
    <control controlID="1ABC489A-8A0C-4DDD-BE67-6B933297D00B" controlTypeID="HRule" x="642" y="180" w="117" h="12" zOrder="4">
      <thickness>1</thickness>
    </control>
    <control controlID="2BF62165-38D8-4C83-B4B3-78E348EE9C41" controlTypeID="Image" x="0" y="431" w="1400" h="631" zOrder="5">
      <URL>7CECDA477D94DDFD67B50396EBBA3791.jpg</URL>
    </control>
    <control controlID="885BEE88-C005-4B17-91ED-B03C3FD17915" controlTypeID="Image" x="19" y="37" w="96" h="30" zOrder="6">
      <caption>logo</caption>
    </control>
    <control controlID="F5399C61-A794-4DBA-B930-39DC2A3BBCE1" controlTypeID="Label" x="736" y="43" w="92" h="17" zOrder="7">
      <states>
        <state propName="TextColor" stateType="state_mouseOver" isChecked="True" value="4291611852" varType="20"/>
      </states>
      <links eventType="AtClick" animate="AmNone" animateAutoDelay="0" animateDuration="500">
        <link targetPageID="21EDE6BF-82D9-4FD8-8511-A5E9370AA192" linkType="ltPageLink" isApplyIncludePage="False" title="What's+New">
          <area shape="0" alt="" ID="{D8D7F3B9-674D-4530-A14E-8F266CC73C5A}" coords="(0,0,92,17)"/>
        </link>
      </links>
      <font family="Arial" displayName="Arial" postScript="" weightStyle="Regular" weight="400" isBold="False" isItalic="False"/>
      <text>MY+STREAMS</text>
      <textColor>4294967295</textColor>
      <lineSpacing>0</lineSpacing>
      <selectedIndex>-1</selectedIndex>
    </control>
    <control controlID="CA64AA5C-97D2-4CC5-987A-A0A449F4CDC4" controlTypeID="Label" x="416" y="43" w="45" h="17" zOrder="8">
      <links eventType="AtClick" animate="AmNone" animateAutoDelay="0" animateDuration="500">
        <link targetPageID="BD193AFF-70A0-41C2-A87E-D5AA02699736" linkType="ltPageLink" isApplyIncludePage="False" title="Features">
          <area shape="0" alt="" ID="{7FD98469-59E0-4EC0-AFFC-26F59695F5B2}" coords="(0,0,45,17)"/>
        </link>
      </links>
      <font family="Arial" displayName="Arial" postScript="" weightStyle="Regular" weight="400" isBold="False" isItalic="False"/>
      <text>+HOME</text>
      <textColor>4294967295</textColor>
      <lineSpacing>0</lineSpacing>
      <selectedIndex>-1</selectedIndex>
    </control>
    <control controlID="5E33517E-8897-4F71-9A81-79AA5985E852" controlTypeID="Label" x="570" y="43" w="73" h="17" zOrder="9">
      <states>
        <state propName="TextColor" stateType="state_mouseOver" isChecked="True" value="4291611852" varType="20"/>
      </states>
      <links eventType="AtClick" animate="AmNone" animateAutoDelay="0" animateDuration="500">
        <link targetPageID="66E9059F-8141-410B-AB04-14EE23772128" linkType="ltPageLink" isApplyIncludePage="False" title="Download">
          <area shape="0" alt="" ID="{0567DBB1-16BD-4BFB-9011-D7070E019E7B}" coords="(0,0,73,17)"/>
        </link>
      </links>
      <font family="Arial" displayName="Arial" postScript="" weightStyle="Regular" weight="400" isBold="False" isItalic="False"/>
      <text>MY+ARTIST</text>
      <textColor>4294967295</textColor>
      <lineSpacing>0</lineSpacing>
      <selectedIndex>-1</selectedIndex>
    </control>
    <control controlID="37A444E3-7F94-41F8-8410-65501B036907" controlTypeID="Label" x="922" y="43" w="82" h="17" zOrder="10">
      <states>
        <state propName="TextColor" stateType="state_mouseOver" isChecked="True" value="4291611852" varType="20"/>
      </states>
      <font family="Arial" displayName="Arial" postScript="" weightStyle="Regular" weight="400" isBold="False" isItalic="False"/>
      <text>MY+SHOUTS</text>
      <textColor>4294967295</textColor>
      <lineSpacing>0</lineSpacing>
      <selectedIndex>-1</selectedIndex>
    </control>
    <control controlID="089AEE16-FF76-419A-8684-0B6D116DA7D3" controlTypeID="Master" x="0" y="1120" w="1400" h="80" zOrder="11" masterID="24338112-78F9-4D38-8F21-F0FAFA2D27E7">
      <groupChildrenDescriptors>
        <control controlID="2C761664-C3B1-42BA-A34E-9A62437F19E2" controlTypeID="__group__" x="0" y="0" w="1400" h="80" zOrder="0">
          <groupChildrenDescriptors>
            <control controlID="033EE27E-7E95-44DA-BC87-17FF59D045E4" controlTypeID="Shape" x="0" y="0" w="1400" h="80" zOrder="0">
              <font family="" displayName="%E5%BE%AE%E8%BD%AF%E9%9B%85%E9%BB%91" postScript="" weightStyle="Regular" weight="400" isBold="False" isItalic="False"/>
              <textColor>4294967295</textColor>
              <textSize>14</textSize>
              <selectedIndex>-1</selectedIndex>
            </control>
            <control controlID="AEE37FDA-E2D4-43E7-9BDF-ED94E5160E23" controlTypeID="Label" x="1136" y="30" w="62" h="19" zOrder="1">
              <font family="" displayName="%E5%BE%AE%E8%BD%AF%E9%9B%85%E9%BB%91" postScript="" weightStyle="Regular" weight="400" isBold="False" isItalic="False"/>
              <text>Follow+Us%3A</text>
              <lineSpacing>0</lineSpacing>
              <useDefaultTextSize>False</useDefaultTextSize>
              <selectedIndex>-1</selectedIndex>
            </control>
            <control controlID="C80F66D6-A832-430E-B4AF-EC67A88537B5" controlTypeID="Label" x="34" y="30" w="258" h="19" zOrder="2">
              <color>16777215</color>
              <font family="" displayName="%E5%BE%AE%E8%BD%AF%E9%9B%85%E9%BB%91" postScript="" weightStyle="Regular" weight="400" isBold="False" isItalic="False"/>
              <text>%C2%A9+2018+J2SM+Software+All+rights+reserved.</text>
              <textAlign>HaCenter</textAlign>
              <lineSpacing>0</lineSpacing>
              <useDefaultTextSize>False</useDefaultTextSize>
              <selectedIndex>-1</selectedIndex>
            </control>
            <control controlID="EB20A987-3D6A-4286-A699-859E04C4E894" controlTypeID="Icon" x="1276" y="28" w="24" h="24" zOrder="3">
              <states>
                <state propName="Color" stateType="state_mouseOver" isChecked="True" value="4291611852" varType="20"/>
              </states>
              <color>4278229503</color>
              <icon>
                <ID/>
                <iconFontName>jdFontAwesome</iconFontName>
                <iconCode>61570</iconCode>
              </icon>
              <URL>4CEBA48D845888E06C868951A5E1A875.svg</URL>
            </control>
            <control controlID="C13CF9AE-E92A-43B5-91D5-F1046A899B54" controlTypeID="Icon" x="1317" y="28" w="24" h="24" zOrder="4">
              <states>
                <state propName="Color" stateType="state_mouseOver" isChecked="True" value="4291611852" varType="20"/>
              </states>
              <color>4281571839</color>
              <icon>
                <ID/>
                <iconFontName>jdFontAwesome</iconFontName>
                <iconCode>61569</iconCode>
              </icon>
              <URL>520A776503D70E7FC53BE8D209CC96C1.svg</URL>
            </control>
            <control controlID="C166F77A-5F3E-42B1-8582-1F206AF2F7C0" controlTypeID="Icon" x="1356" y="28" w="24" h="24" zOrder="5">
              <states>
                <state propName="Color" stateType="state_mouseOver" isChecked="True" value="4291611852" varType="20"/>
              </states>
              <color>4290591232</color>
              <icon>
                <ID/>
                <iconFontName>jdFontAwesome</iconFontName>
                <iconCode>61652</iconCode>
              </icon>
              <URL>282331BE75C40FB6D299F787B7BFD38F.svg</URL>
            </control>
            <control controlID="61B9FACC-E5DB-40E9-8505-0738D17DB3D6" controlTypeID="Icon" x="1232" y="26" w="28" h="28" zOrder="6">
              <states>
                <state propName="Color" stateType="state_mouseOver" isChecked="True" value="4291611852" varType="20"/>
              </states>
              <color>4290591232</color>
              <icon>
                <ID/>
                <iconFontName>jdIonicons</iconFontName>
                <iconCode>62029</iconCode>
              </icon>
              <URL>4529DADA0AD1F8BF89E5709239A0C3BD.svg</URL>
            </control>
          </groupChildrenDescriptors>
        </control>
      </groupChildrenDescriptors>
    </control>
    <control controlID="B0EE4781-CB1E-433D-AA76-B8B999E964D6" controlTypeID="Label" x="1171" y="43" w="33" h="17" zOrder="12">
      <states>
        <state propName="TextColor" stateType="state_mouseOver" isChecked="True" value="4281545523" varType="20"/>
      </states>
      <links eventType="AtClick" animate="AmNone" animateAutoDelay="0" animateDuration="500">
        <link targetPageID="21EDE6BF-82D9-4FD8-8511-A5E9370AA192" linkType="ltPageLink" isApplyIncludePage="False" title="What's+New">
          <area shape="0" alt="" ID="{0F1FA689-316C-4B8F-86B9-32952B7566FF}" coords="(0,0,33,17)"/>
        </link>
      </links>
      <font family="Arial" displayName="Arial" postScript="" weightStyle="Regular" weight="400" isBold="False" isItalic="False"/>
      <text>Login</text>
      <textColor>4294967295</textColor>
      <lineSpacing>0</lineSpacing>
      <selectedIndex>-1</selectedIndex>
    </control>
    <control controlID="F94D8CBE-A2A2-4B1F-A478-8B805071E291" controlTypeID="Label" x="1235" y="43" w="52" h="17" zOrder="13">
      <states>
        <state propName="TextColor" stateType="state_mouseOver" isChecked="True" value="4281545523" varType="20"/>
      </states>
      <font family="Arial" displayName="Arial" postScript="" weightStyle="Regular" weight="400" isBold="False" isItalic="False"/>
      <text>Register</text>
      <textColor>4294967295</textColor>
      <lineSpacing>0</lineSpacing>
      <selectedIndex>-1</selectedIndex>
    </control>
    <control controlID="9DE08D3C-06F0-4554-8474-9F1EC333E73B" controlTypeID="Icon" x="1142" y="43" w="18" h="18" zOrder="14">
      <color>4294967295</color>
      <icon>
        <ID/>
        <iconFontName>jdIonicons</iconFontName>
        <iconCode>62368</iconCode>
      </icon>
      <URL>B91434690C5B5224D1CC6B1998F1178A.svg</URL>
    </control>
    <control controlID="AB40E501-EF73-40BE-B711-9AF71BAF0F52" controlTypeID="VRule" x="1216" y="47" w="12" h="10" zOrder="15">
      <color>4290493371</color>
    </control>
  </controls>
  <param>
    <backgroundColor>4278190080</backgroundColor>
    <fontSize>14</fontSize>
    <fontFamily>Arial</fontFamily>
    <guideLines>
      <guideLine isLocked="False" isHori="True" value="22"/>
      <guideLine isLocked="False" isHori="True" value="1378"/>
      <guideLine isLocked="False" isHori="False" value="40"/>
      <guideLine isLocked="False" isHori="True" value="886"/>
      <guideLine isLocked="False" isHori="False" value="80"/>
      <guideLine isLocked="False" isHori="False" value="128"/>
    </guideLines>
  </param>
</mockup>