﻿<mockup version="5.3" minAllowVersion="5.3" ID="A8DB2508-17C8-4108-87DB-6F4A73B2CD29" platform="MtWeb" defaultW="1400" defaultH="1450" measureW="1400" measureH="1450" mobileScreenScale="0">
  <controls controlCount="54">
    <control controlID="FFA3625D-EFE0-4B4C-AED0-FE7D1D5A560E" controlTypeID="Shape" x="0" y="312" w="1400" h="524" zOrder="0">
      <color>4294177779</color>
      <borderColor>4281808953</borderColor>
      <borderVisible>False</borderVisible>
      <font family="Segoe+UI" displayName="Segoe+UI" postScript="" weightStyle="Regular" weight="400" isBold="False" isItalic="False"/>
      <textSize>28</textSize>
      <selectedIndex>-1</selectedIndex>
    </control>
    <control controlID="2BF62165-38D8-4C83-B4B3-78E348EE9C41" controlTypeID="Image" x="0" y="10" w="1400" h="1440" zOrder="1">
      <opacity>0.850000023841858</opacity>
      <URL>539D4D7FD21DB58B55AD7CFA1C51A47B.jpg</URL>
      <showText>False</showText>
    </control>
    <control controlID="0BD2F298-3ACD-4FA3-A2A9-3BA7CFE50F1F" controlTypeID="Line" x="988" y="4403" w="68" h="4" zOrder="2">
      <color>4290591232</color>
      <font family="Segoe+UI" displayName="Segoe+UI" postScript="" weightStyle="Regular" weight="400" isBold="False" isItalic="False"/>
      <textColor>4290591232</textColor>
      <textSize>28</textSize>
      <lineSpacing>0</lineSpacing>
      <selectedIndex>-1</selectedIndex>
      <controlPoint>(34,2)</controlPoint>
      <startPoint>(2,2)</startPoint>
      <endPoint>(67,2)</endPoint>
      <thickness>3</thickness>
    </control>
    <control controlID="725CCC57-0541-4DBF-A797-146BA0CA36FF" controlTypeID="Label" x="687" y="59" w="165" h="38" zOrder="3">
      <links eventType="AtClick" animate="AmNone" animateAutoDelay="0" animateDuration="500">
        <link targetPageID="D787943C-55CB-4922-8217-BECC080E3C57" linkType="ltPageLink" isApplyIncludePage="False" title="My+stream">
          <area shape="0" alt="" ID="{AC3467D0-E68C-42D7-9E67-5A895AED7DE2}" coords="(0,0,165,38)"/>
        </link>
      </links>
      <font family="Segoe+UI" displayName="Segoe+UI" postScript="" weightStyle="Regular" weight="400" isBold="False" isItalic="False"/>
      <text>MY+STREAMS</text>
      <textColor>4294967295</textColor>
      <textSize>28</textSize>
      <lineSpacing>0</lineSpacing>
      <selectedIndex>-1</selectedIndex>
    </control>
    <control controlID="8B6BA446-4E18-47AF-9D52-786FCDCBD1B6" controlTypeID="Label" x="888" y="59" w="151" h="38" zOrder="4">
      <links eventType="AtClick" animate="AmNone" animateAutoDelay="0" animateDuration="500">
        <link targetPageID="2781DBA1-A02C-448A-A3AE-53C0C29D05D9" linkType="ltPageLink" isApplyIncludePage="False" title="My+Shouts">
          <area shape="0" alt="" ID="{F83DD408-6D32-4A06-AD4B-0784B62425A4}" coords="(0,0,151,38)"/>
        </link>
      </links>
      <font family="Segoe+UI" displayName="Segoe+UI" postScript="" weightStyle="Regular" weight="400" isBold="False" isItalic="False"/>
      <text>MY+SHOUTS</text>
      <textColor>4294967295</textColor>
      <textSize>28</textSize>
      <lineSpacing>0</lineSpacing>
      <selectedIndex>-1</selectedIndex>
    </control>
    <control controlID="218DC1DC-AA39-41F0-9A17-00542C757E9A" controlTypeID="Search" x="962" y="264" w="405" h="36" zOrder="5">
      <font family="Segoe+UI" displayName="Segoe+UI" postScript="" weightStyle="Regular" weight="400" isBold="False" isItalic="False"/>
      <text>Search+for+music+you+love+</text>
      <textColor>2046820352</textColor>
      <textSize>20</textSize>
      <textVAlign>VaTop</textVAlign>
      <lineSpacing>0</lineSpacing>
      <useDefaultTextSize>False</useDefaultTextSize>
      <selectedIndex>-1</selectedIndex>
    </control>
    <control controlID="D880D9F2-F96E-401A-9BDC-6E6864970DAB" controlTypeID="Label" x="374" y="59" w="79" h="38" zOrder="6">
      <links eventType="AtClick" animate="AmNone" animateAutoDelay="0" animateDuration="500">
        <link targetPageID="4A0D339D-9182-425A-A673-178FA0C98669" linkType="ltPageLink" isApplyIncludePage="False" title="HOME">
          <area shape="0" alt="" ID="{EDDD5C07-9022-4BE8-8716-8F1464C7F88C}" coords="(0,0,79,38)"/>
        </link>
      </links>
      <font family="Segoe+UI" displayName="Segoe+UI" postScript="" weightStyle="Regular" weight="400" isBold="False" isItalic="False"/>
      <text>HOME</text>
      <textColor>4294967295</textColor>
      <textSize>28</textSize>
      <lineSpacing>0</lineSpacing>
      <selectedIndex>-1</selectedIndex>
    </control>
    <control controlID="55C5FD56-F7DF-452B-9F76-252C736D0BA0" controlTypeID="BreadCrumbs" x="40" y="369" w="153" h="38" zOrder="7">
      <links eventType="AtClick" animate="AmNone" animateAutoDelay="0" animateDuration="500">
        <link targetPageID="4A0D339D-9182-425A-A673-178FA0C98669" linkType="ltPageLink" isApplyIncludePage="False" title="Home">
          <area shape="0" alt="" ID="{4D6ABCE5-B513-4010-B515-88115FB063E0}" coords="(0,0,74,38)"/>
        </link>
        <link targetPageID="A8DB2508-17C8-4108-87DB-6F4A73B2CD29" linkType="ltPageLink" isApplyIncludePage="False" title="Login">
          <area shape="0" alt="" ID="{A4DD4601-0C7F-4B5C-A203-639F84ED970E}" coords="(86,0,153,38)"/>
        </link>
      </links>
      <interactiveData>
        <entry title="Home">
          <area shape="0" alt="" ID="{A98692B9-AEA9-4043-A3CF-87F97B2AEE09}" coords="(0,0,74,38)"/>
          <events title="">
            <event eventType="atClick" isChecked="True">
              <behaviour title="" isChecked="True" isWait="False" isLoop="False" execMode="emParallel">
                <target targetID="D880D9F2-F96E-401A-9BDC-6E6864970DAB" isChecked="True" isAutoRecovery="False" isLoop="False" execMode="emSequence">
                  <command name="Change Visibility" isChecked="True" descrition="">
                    <param name="AniInterpolation" value="1" varType="3" description=""/>
                    <param name="AniDuration" value="200" varType="3" description=""/>
                    <param name="AniAutoReverse" value="False" varType="11" description=""/>
                    <param name="AniLoop" value="False" varType="11" description=""/>
                    <param name="AniInterpolationTypeOut" value="False" varType="11" description=""/>
                    <param name="Delay" value="0" varType="3" description=""/>
                    <param name="ValueFromCurrent" value="True" varType="11" description=""/>
                    <param name="ForceFromInitValue" value="False" varType="11" description=""/>
                    <param name="ForceSetVisible" value="False" varType="11" description=""/>
                    <param name="Value" value="2" varType="3" description=""/>
                    <param name="TerminateLoopByClick" value="True" varType="11" description=""/>
                  </command>
                </target>
              </behaviour>
            </event>
          </events>
        </entry>
        <entry title="Login">
          <area shape="0" alt="" ID="{137052CD-D79A-46D9-AB98-B2FC5F285697}" coords="(86,0,153,38)"/>
          <events title=""/>
        </entry>
      </interactiveData>
      <font family="Segoe+UI" displayName="Segoe+UI" postScript="" weightStyle="Regular" weight="400" isBold="False" isItalic="False"/>
      <text>Home%2CLogin</text>
      <textColor>4294967295</textColor>
      <textSize>28</textSize>
      <lineSpacing>0</lineSpacing>
      <useDefaultTextSize>False</useDefaultTextSize>
    </control>
    <control controlID="D90C3982-FC33-408F-89AC-1FA028AB3910" controlTypeID="Line" x="-5" y="347" w="1405" h="4" zOrder="8">
      <color>4294967295</color>
      <font family="Segoe+UI" displayName="Segoe+UI" postScript="" weightStyle="Regular" weight="400" isBold="False" isItalic="False"/>
      <textColor>4294967295</textColor>
      <textSize>28</textSize>
      <lineSpacing>0</lineSpacing>
      <selectedIndex>-1</selectedIndex>
      <controlPoint>(704,2)</controlPoint>
      <startPoint>(2,2)</startPoint>
      <endPoint>(1405,2)</endPoint>
      <thickness>4</thickness>
    </control>
    <control controlID="4FC6A5C5-A8E2-4F5C-8AC1-577023E423A7" controlTypeID="Master" x="0" y="1359" w="1400" h="91" zOrder="9" masterID="24338112-78F9-4D38-8F21-F0FAFA2D27E7">
      <groupChildrenDescriptors>
        <control controlID="D6FC73C3-3580-43DB-9954-DFAF5309137B" controlTypeID="__group__" x="0" y="0" w="1400" h="91" zOrder="0">
          <groupChildrenDescriptors>
            <control controlID="5DBAFF3B-0659-47D3-8543-F92E6272DFFC" controlTypeID="Shape" x="0" y="0" w="1400" h="91" zOrder="0">
              <color>4289638062</color>
              <font family="" displayName="%E5%BE%AE%E8%BD%AF%E9%9B%85%E9%BB%91" postScript="" weightStyle="Regular" weight="400" isBold="False" isItalic="False"/>
              <textColor>4289638062</textColor>
              <textSize>14</textSize>
              <selectedIndex>-1</selectedIndex>
            </control>
            <control controlID="AAA3CB27-4A86-4494-B2FA-6289C0F0DC4F" controlTypeID="Label" x="1124" y="38" w="88" h="27" zOrder="1">
              <font family="" displayName="%E5%BE%AE%E8%BD%AF%E9%9B%85%E9%BB%91" postScript="" weightStyle="Regular" weight="400" isBold="False" isItalic="False"/>
              <text>Follow+Us%3A</text>
              <textSize>20</textSize>
              <lineSpacing>0</lineSpacing>
              <useDefaultTextSize>False</useDefaultTextSize>
              <selectedIndex>-1</selectedIndex>
            </control>
            <control controlID="5FD652B5-0518-4A46-8D10-85BE0929D8CC" controlTypeID="Label" x="45" y="38" w="369" h="27" zOrder="2">
              <color>16777215</color>
              <font family="" displayName="%E5%BE%AE%E8%BD%AF%E9%9B%85%E9%BB%91" postScript="" weightStyle="Regular" weight="400" isBold="False" isItalic="False"/>
              <text>%C2%A9+2018+J2SM+Software+All+rights+reserved.</text>
              <textSize>20</textSize>
              <textAlign>HaCenter</textAlign>
              <lineSpacing>0</lineSpacing>
              <useDefaultTextSize>False</useDefaultTextSize>
              <selectedIndex>-1</selectedIndex>
            </control>
            <control controlID="9F5A2388-5C04-4FB9-9C8D-B25C673E4756" controlTypeID="Icon" x="1276" y="40" w="24" h="24" zOrder="3">
              <states>
                <state propName="Color" stateType="state_mouseOver" isChecked="True" value="4291611852" varType="20"/>
              </states>
              <color>4278229503</color>
              <icon>
                <ID/>
                <iconFontName>jdFontAwesome</iconFontName>
                <iconCode>61570</iconCode>
              </icon>
              <URL>4CEBA48D845888E06C868951A5E1A875.svg</URL>
            </control>
            <control controlID="36B3E9A2-7277-42A7-B10F-CCE72DE462E7" controlTypeID="Icon" x="1317" y="40" w="24" h="24" zOrder="4">
              <states>
                <state propName="Color" stateType="state_mouseOver" isChecked="True" value="4291611852" varType="20"/>
              </states>
              <color>4281571839</color>
              <icon>
                <ID/>
                <iconFontName>jdFontAwesome</iconFontName>
                <iconCode>61569</iconCode>
              </icon>
              <URL>520A776503D70E7FC53BE8D209CC96C1.svg</URL>
            </control>
            <control controlID="B64FA4CD-1DE3-4D73-B641-7F93F0C9C088" controlTypeID="Icon" x="1356" y="40" w="24" h="24" zOrder="5">
              <states>
                <state propName="Color" stateType="state_mouseOver" isChecked="True" value="4291611852" varType="20"/>
              </states>
              <color>4290591232</color>
              <icon>
                <ID/>
                <iconFontName>jdFontAwesome</iconFontName>
                <iconCode>61652</iconCode>
              </icon>
              <URL>282331BE75C40FB6D299F787B7BFD38F.svg</URL>
            </control>
            <control controlID="C778E105-49D1-4DFA-9972-FD347C9FF5A7" controlTypeID="Icon" x="1232" y="38" w="28" h="28" zOrder="6">
              <states>
                <state propName="Color" stateType="state_mouseOver" isChecked="True" value="4291611852" varType="20"/>
              </states>
              <color>4290591232</color>
              <icon>
                <ID/>
                <iconFontName>jdIonicons</iconFontName>
                <iconCode>62029</iconCode>
              </icon>
              <URL>4529DADA0AD1F8BF89E5709239A0C3BD.svg</URL>
            </control>
          </groupChildrenDescriptors>
        </control>
      </groupChildrenDescriptors>
    </control>
    <control controlID="987F8437-3ACB-419F-97EE-285CFF8D5A86" controlTypeID="Panel" x="865" y="532" w="469" h="747" zOrder="10">
      <color>3573547007</color>
      <borderColor>4278190080</borderColor>
      <groupChildrenDescriptors>
        <control controlID="C5A7EE40-7ACF-489F-9F32-D93B8156EFB7" controlTypeID="Line" x="92" y="227" w="300" h="2" zOrder="0">
          <color>4278190080</color>
          <font family="Segoe+UI" displayName="Segoe+UI" postScript="" weightStyle="Regular" weight="400" isBold="False" isItalic="False"/>
          <textSize>28</textSize>
          <lineSpacing>0</lineSpacing>
          <selectedIndex>-1</selectedIndex>
          <controlPoint>(150,1)</controlPoint>
          <startPoint>(1,1)</startPoint>
          <endPoint>(300,1)</endPoint>
          <thickness>2</thickness>
        </control>
        <control controlID="27BB2AD0-9064-43FE-93A3-1D7D20B1CE01" controlTypeID="Label" x="43" y="157" w="123" h="38" zOrder="1">
          <font family="Segoe+UI" displayName="Segoe+UI" postScript="" weightStyle="Regular" weight="400" isBold="False" isItalic="False"/>
          <text>Username+</text>
          <textSize>28</textSize>
          <lineSpacing>0</lineSpacing>
          <useDefaultTextSize>False</useDefaultTextSize>
          <selectedIndex>-1</selectedIndex>
        </control>
        <control controlID="36B4E718-5D9E-4715-A228-E4F60C1A39AE" controlTypeID="Label" x="42" y="288" w="116" h="38" zOrder="2">
          <font family="Segoe+UI" displayName="Segoe+UI" postScript="" weightStyle="Regular" weight="400" isBold="False" isItalic="False"/>
          <text>Paasword</text>
          <textSize>28</textSize>
          <lineSpacing>0</lineSpacing>
          <useDefaultTextSize>False</useDefaultTextSize>
          <selectedIndex>-1</selectedIndex>
        </control>
        <control controlID="DB53256A-36D5-4023-BF02-8BA9964D1A8E" controlTypeID="Line" x="92" y="370" w="300" h="2" zOrder="3">
          <color>4278190080</color>
          <font family="Segoe+UI" displayName="Segoe+UI" postScript="" weightStyle="Regular" weight="400" isBold="False" isItalic="False"/>
          <textSize>28</textSize>
          <lineSpacing>0</lineSpacing>
          <selectedIndex>-1</selectedIndex>
          <controlPoint>(150,1)</controlPoint>
          <startPoint>(1,1)</startPoint>
          <endPoint>(300,1)</endPoint>
          <thickness>2</thickness>
        </control>
        <control controlID="40052499-79F0-4E7D-93DF-F2B73EBD7FED" controlTypeID="Label" x="232" y="406" w="186" h="32" zOrder="4">
          <font family="Segoe+UI" displayName="Segoe+UI" postScript="" weightStyle="Regular" weight="400" isBold="False" isItalic="False"/>
          <text>Forget+password%3F</text>
          <textColor>4284900966</textColor>
          <textSize>24</textSize>
          <lineSpacing>0</lineSpacing>
          <useDefaultTextSize>False</useDefaultTextSize>
          <selectedIndex>-1</selectedIndex>
        </control>
        <control controlID="E48F6FD8-EB1C-4F3A-97B7-00291B585754" controlTypeID="Button" x="278" y="654" w="132" h="43" zOrder="5">
          <states>
            <state propName="Color" stateType="state_mouseOver" isChecked="True" value="3854383616" varType="20"/>
          </states>
          <color>4290591232</color>
          <font family="Segoe+UI" displayName="Segoe+UI" postScript="" weightStyle="Regular" weight="400" isBold="False" isItalic="False" useDefaultFontFamily="False"/>
          <text>Google</text>
          <textColor>4294967295</textColor>
          <textSize>24</textSize>
          <lineSpacing>0</lineSpacing>
          <useDefaultTextSize>False</useDefaultTextSize>
          <selectedIndex>-1</selectedIndex>
          <radius>100</radius>
          <radiusIsPercent>True</radiusIsPercent>
        </control>
        <control controlID="CE68749D-F499-4D6A-AC4C-D09D3F40339D" controlTypeID="Button" x="42" y="653" w="132" h="45" zOrder="6">
          <color>3120562431</color>
          <borderVisible>False</borderVisible>
          <font family="Segoe+UI" displayName="Segoe+UI" postScript="" weightStyle="Regular" weight="400" isBold="False" isItalic="False" useDefaultFontFamily="False"/>
          <text>Facebook</text>
          <textColor>4294967295</textColor>
          <textSize>24</textSize>
          <lineSpacing>0</lineSpacing>
          <useDefaultTextSize>False</useDefaultTextSize>
          <selectedIndex>-1</selectedIndex>
          <radius>100</radius>
          <radiusIsPercent>True</radiusIsPercent>
        </control>
        <control controlID="380AAA5E-E803-4A25-8CE2-9EDDD723B365" controlTypeID="Line" x="231" y="651" w="4" h="51" zOrder="7">
          <color>4278190080</color>
          <font family="Segoe+UI" displayName="Segoe+UI" postScript="" weightStyle="Regular" weight="400" isBold="False" isItalic="False"/>
          <textSize>28</textSize>
          <lineSpacing>0</lineSpacing>
          <selectedIndex>-1</selectedIndex>
          <controlPoint>(2,26)</controlPoint>
          <startPoint>(2,2)</startPoint>
          <endPoint>(2,49)</endPoint>
          <thickness>4</thickness>
        </control>
        <control controlID="B6C7D535-7A4C-4924-A214-45F04C184F40" controlTypeID="Button" x="123" y="479" w="228" h="51" zOrder="8">
          <color>3120562431</color>
          <borderVisible>False</borderVisible>
          <font family="Segoe+UI" displayName="Segoe+UI" postScript="" weightStyle="Regular" weight="400" isBold="False" isItalic="False" useDefaultFontFamily="False"/>
          <text>Login</text>
          <textColor>4294967295</textColor>
          <textSize>28</textSize>
          <lineSpacing>0</lineSpacing>
          <useDefaultTextSize>False</useDefaultTextSize>
          <selectedIndex>-1</selectedIndex>
          <radius>100</radius>
          <radiusIsPercent>True</radiusIsPercent>
        </control>
        <control controlID="4B798BBD-7D88-4677-AD05-CA168786CD5A" controlTypeID="Label" x="151" y="573" w="172" h="32" zOrder="9">
          <font family="Segoe+UI" displayName="Segoe+UI" postScript="" weightStyle="Regular" weight="400" isBold="False" isItalic="False"/>
          <text>Or+connect+with%3A</text>
          <textSize>24</textSize>
          <lineSpacing>0</lineSpacing>
          <useDefaultTextSize>False</useDefaultTextSize>
          <selectedIndex>-1</selectedIndex>
        </control>
        <control controlID="7D0B3700-CE83-4A6E-967E-1CA00A8A22C8" controlTypeID="Border" x="0" y="0" w="469" h="747" zOrder="10">
          <borderColor>4278190080</borderColor>
          <alias>borderLayer</alias>
          <thickness>5</thickness>
        </control>
      </groupChildrenDescriptors>
      <thinkness>5</thinkness>
    </control>
    <control controlID="BF065F3D-697E-47FA-A9F9-800D41D1491E" controlTypeID="Icon" x="870" y="414" w="74" h="74" zOrder="11">
      <color>4294967295</color>
      <icon>
        <ID/>
        <iconFontName>jdFontCustom</iconFontName>
        <iconCode>61795</iconCode>
      </icon>
      <URL>452A1108CEAE2C044CFCAF610C27E444.svg</URL>
    </control>
    <control controlID="C9EDB799-319B-4B77-9144-3375B2144B50" controlTypeID="Label" x="954" y="434" w="95" h="54" zOrder="12">
      <font family="Segoe+UI" displayName="Segoe+UI" postScript="" weightStyle="Regular" weight="400" isBold="False" isItalic="False"/>
      <text>Login+</text>
      <textColor>4294967040</textColor>
      <textSize>40</textSize>
      <lineSpacing>0</lineSpacing>
      <useDefaultTextSize>False</useDefaultTextSize>
      <selectedIndex>-1</selectedIndex>
    </control>
    <control controlID="C6BD8BA7-2DFF-444E-B9DA-F1FAC6B421C0" controlTypeID="Label" x="1071" y="434" w="229" h="54" zOrder="13">
      <font family="Segoe+UI" displayName="Segoe+UI" postScript="" weightStyle="Regular" weight="400" isBold="False" isItalic="False"/>
      <text>your+account</text>
      <textColor>4294967295</textColor>
      <textSize>40</textSize>
      <lineSpacing>0</lineSpacing>
      <useDefaultTextSize>False</useDefaultTextSize>
      <selectedIndex>-1</selectedIndex>
    </control>
    <control controlID="303476B3-8411-4F7F-9546-696FAD420299" controlTypeID="Icon" x="534" y="757" w="95" h="95" zOrder="14">
      <color>4294967295</color>
      <icon>
        <ID/>
        <iconFontName>jdIonicons</iconFontName>
        <iconCode>61760</iconCode>
      </icon>
      <URL>BFD72AC2A994DD56B2AC42836BD43118.svg</URL>
    </control>
    <control controlID="B8260012-2732-4306-BBDF-BC593D37C030" controlTypeID="Icon" x="395" y="634" w="58" h="58" zOrder="15">
      <color>4294967295</color>
      <icon>
        <ID/>
        <iconFontName>jdIonicons</iconFontName>
        <iconCode>62572</iconCode>
      </icon>
      <URL>D6EAA347A6B38A8090B34B271D537CD7.svg</URL>
    </control>
    <control controlID="67FCE44A-47E9-4EE5-9E4F-021A8EE02C63" controlTypeID="Icon" x="322" y="701" w="44" h="44" zOrder="16">
      <color>4294967295</color>
      <icon>
        <ID/>
        <iconFontName>jdIonicons</iconFontName>
        <iconCode>62571</iconCode>
      </icon>
      <URL>005517CC9CFB1E7C27A857B5F44893B6.svg</URL>
    </control>
    <control controlID="875B7BE2-70FC-4AD7-B627-FF9CCB8A87C1" controlTypeID="Icon" x="198" y="696" w="49" h="49" zOrder="17">
      <color>4294967295</color>
      <icon>
        <ID/>
        <iconFontName>jdFontAwesome</iconFontName>
        <iconCode>61469</iconCode>
      </icon>
      <URL>C7C897A7402EA4CB3137EA8B41875395.svg</URL>
    </control>
    <control controlID="24FE9014-A2E3-415F-B5FA-AEA4B49E98A7" controlTypeID="Icon" x="279" y="587" w="35" h="35" zOrder="18">
      <color>4294967295</color>
      <icon>
        <ID/>
        <iconFontName>jdFontAwesome</iconFontName>
        <iconCode>61477</iconCode>
      </icon>
      <URL>53E5FAA4368ED368D35BB3C84BA750E3.svg</URL>
    </control>
    <control controlID="6FDDD0C2-59F7-4F42-A102-2A77C3E2FBAF" controlTypeID="Icon" x="437" y="765" w="24" h="24" zOrder="19">
      <color>4294967295</color>
      <icon>
        <ID/>
        <iconFontName>jdFontAwesome</iconFontName>
        <iconCode>61441</iconCode>
      </icon>
      <URL>948053AFB897543CC704EBC83610C34C.svg</URL>
    </control>
    <control controlID="BAA1E691-530A-4313-B6C7-77F58EA002BD" controlTypeID="Icon" x="126" y="745" w="52" h="52" zOrder="20">
      <color>4294967295</color>
      <icon>
        <ID/>
        <iconFontName>jdIonicons</iconFontName>
        <iconCode>61947</iconCode>
      </icon>
      <URL>6A720129B9946C54BB44576EFE2EDA68.svg</URL>
    </control>
    <control controlID="A21D5532-6A2A-47A4-BDD6-33561A50ACD2" controlTypeID="Icon" x="303" y="780" w="88" h="88" zOrder="21">
      <color>4294967295</color>
      <icon>
        <ID/>
        <iconFontName>jdIonicons</iconFontName>
        <iconCode>61741</iconCode>
      </icon>
      <URL>B4C305388760107669AA99EE0AEF5CD9.svg</URL>
    </control>
    <control controlID="86B7393E-DAC0-4441-A914-F193D7FB62E5" controlTypeID="Icon" x="202" y="827" w="41" h="41" zOrder="22">
      <color>4294967295</color>
      <icon>
        <ID/>
        <iconFontName>jdFontAwesome</iconFontName>
        <iconCode>62091</iconCode>
      </icon>
      <URL>C0B1B100D13FB6A01DC426B3BFE308AD.svg</URL>
    </control>
    <control controlID="53EF823A-DD60-442A-B1AB-32BA3636C536" controlTypeID="Icon" x="160" y="610" w="24" h="24" zOrder="23">
      <color>4294967295</color>
      <icon>
        <ID/>
        <iconFontName>jdFontAwesome</iconFontName>
        <iconCode>61511</iconCode>
      </icon>
      <URL>B66F27F2E9D3FA86BF7FAC9436CE14C8.svg</URL>
    </control>
    <control controlID="0BF01861-C88C-4CFB-B0C0-934BE9447A3A" controlTypeID="Icon" x="431" y="902" w="50" h="50" zOrder="24">
      <color>4294967295</color>
      <icon>
        <ID/>
        <iconFontName>jdIonicons</iconFontName>
        <iconCode>62345</iconCode>
      </icon>
      <URL>0AE44071EBEDE13A44F45177D282B902.svg</URL>
    </control>
    <control controlID="71C503B0-E7E5-477E-831A-0D9BE1E8683B" controlTypeID="Icon" x="279" y="936" w="40" h="40" zOrder="25">
      <color>4294967295</color>
      <icon>
        <ID/>
        <iconFontName>jdIonicons</iconFontName>
        <iconCode>61956</iconCode>
      </icon>
      <URL>E73BF079894633B91AB1C74673512061.svg</URL>
    </control>
    <control controlID="229D47D7-B83D-4714-B67E-FBF907EE7F05" controlTypeID="Icon" x="47" y="897" w="121" h="121" zOrder="26">
      <color>4294967295</color>
      <icon>
        <ID/>
        <iconFontName>jdIonicons</iconFontName>
        <iconCode>62670</iconCode>
      </icon>
      <URL>13D986C888731CDE4A08CE83532A7F40.svg</URL>
    </control>
    <control controlID="F35C09E8-2648-4C24-8D33-7832E4D8DB46" controlTypeID="Icon" x="234" y="1025" w="47" h="47" zOrder="27">
      <color>4294967295</color>
      <icon>
        <ID/>
        <iconFontName>jdIonicons</iconFontName>
        <iconCode>61957</iconCode>
      </icon>
      <URL>EBCEFD61379799B4D7C3F43E438952D9.svg</URL>
    </control>
    <control controlID="08715B6A-4678-47A5-A38D-A3F8978DC0B2" controlTypeID="Icon" x="406" y="1025" w="66" h="66" zOrder="28">
      <color>4294967295</color>
      <icon>
        <ID/>
        <iconFontName>jdFontAwesome</iconFontName>
        <iconCode>61683</iconCode>
      </icon>
      <URL>CDBB5DCB484E5455A1005CA387900B3C.svg</URL>
    </control>
    <control controlID="235BBAEB-1BA8-4EF9-9C4D-31DA7F12F3A0" controlTypeID="Icon" x="570" y="931" w="54" h="54" zOrder="29">
      <color>4294967295</color>
      <icon>
        <ID/>
        <iconFontName>jdIcoFont</iconFontName>
        <iconCode>59153</iconCode>
      </icon>
      <URL>243A5429551AE38A476986095A85D814.svg</URL>
    </control>
    <control controlID="7ED0F88A-DB7A-49DC-A7F9-0390D8BD12D7" controlTypeID="Icon" x="540" y="610" w="42" h="42" zOrder="30">
      <color>4294967295</color>
      <icon>
        <ID/>
        <iconFontName>jdIcoMoonFree</iconFontName>
        <iconCode>59931</iconCode>
      </icon>
      <URL>B11257D67005F1A4A202161FFAB3CAA8.svg</URL>
    </control>
    <control controlID="8B2F2F20-4E76-417F-8590-07A999F83777" controlTypeID="Icon" x="627" y="688" w="36" h="36" zOrder="31">
      <color>4294967295</color>
      <icon>
        <ID>Music.png</ID>
        <iconFontName/>
        <iconCode>-1</iconCode>
      </icon>
      <URL>9F6B3FDADF0164A3E974FD52D6801AF4.png</URL>
    </control>
    <control controlID="3A803480-F9F5-44E9-9F19-635EBD66A832" controlTypeID="Image" x="32" y="73" w="550" h="215" zOrder="32">
      <caption>logo</caption>
      <links eventType="AtClick" animate="AmNone" animateAutoDelay="0" animateDuration="500">
        <link targetPageID="4A0D339D-9182-425A-A673-178FA0C98669" linkType="ltPageLink" isApplyIncludePage="False" title="HOME">
          <area shape="0" alt="" ID="{6261FDB6-5439-4AD8-8A83-953421B54EE7}" coords="(0,0,550,215)"/>
        </link>
      </links>
      <interactiveData>
        <entry title="">
          <area shape="0" alt="" ID="{5A33E01D-B76C-411A-AB89-393C1E13A312}" coords="(0,0,550,215)"/>
          <events title="">
            <event eventType="atClick" isChecked="True">
              <behaviour title="" isChecked="True" isWait="False" isLoop="False" execMode="emParallel">
                <target targetID="D880D9F2-F96E-401A-9BDC-6E6864970DAB" isChecked="True" isAutoRecovery="False" isLoop="False" execMode="emSequence">
                  <command name="Set Text Color" isChecked="True" descrition="">
                    <param name="AniInterpolation" value="0" varType="3" description=""/>
                    <param name="AniDuration" value="200" varType="3" description=""/>
                    <param name="AniAutoReverse" value="False" varType="11" description=""/>
                    <param name="AniLoop" value="False" varType="11" description=""/>
                    <param name="AniInterpolationTypeOut" value="False" varType="11" description=""/>
                    <param name="Delay" value="0" varType="3" description=""/>
                    <param name="FromValue" value="0" varType="20" description=""/>
                    <param name="ToValue" value="4294967040" varType="20" description=""/>
                  </command>
                </target>
              </behaviour>
            </event>
          </events>
        </entry>
      </interactiveData>
      <URL>3893359F374036C0F836494E3CC0BD82.png</URL>
    </control>
    <control controlID="ABB1A5AB-7D0A-4A22-8F44-58E5C5ED87A5" controlTypeID="Label" x="246" y="260" w="175" h="40" zOrder="33">
      <font family="Segoe+UI" displayName="Segoe+UI" postScript="" weightStyle="Regular" weight="400" isBold="False" isItalic="False"/>
      <text>Music+To+Live</text>
      <textColor>4294967040</textColor>
      <textSize>30</textSize>
      <lineSpacing>0</lineSpacing>
      <useDefaultTextSize>False</useDefaultTextSize>
      <selectedIndex>-1</selectedIndex>
    </control>
    <control controlID="702E826B-1C54-4D26-87A1-80CAEE3A393F" controlTypeID="Label" x="517" y="59" w="133" h="38" zOrder="34">
      <links eventType="AtClick" animate="AmNone" animateAutoDelay="0" animateDuration="500">
        <link targetPageID="BD193AFF-70A0-41C2-A87E-D5AA02699736" linkType="ltPageLink" isApplyIncludePage="False" title="My+Artist">
          <area shape="0" alt="" ID="{EDDD5C07-9022-4BE8-8716-8F1464C7F88C}" coords="(0,0,133,38)"/>
        </link>
      </links>
      <font family="Segoe+UI" displayName="Segoe+UI" postScript="" weightStyle="Regular" weight="400" isBold="False" isItalic="False"/>
      <text>MY+ARTIST</text>
      <textColor>4294967295</textColor>
      <textSize>28</textSize>
      <lineSpacing>0</lineSpacing>
      <selectedIndex>-1</selectedIndex>
    </control>
  </controls>
  <param>
    <backgroundColor>4293190884</backgroundColor>
    <fontSize>28</fontSize>
    <fontFamily>Segoe+UI</fontFamily>
    <guideLines>
      <guideLine isLocked="False" isHori="True" value="21"/>
      <guideLine isLocked="False" isHori="True" value="1379"/>
      <guideLine isLocked="False" isHori="False" value="39"/>
      <guideLine isLocked="False" isHori="False" value="1000"/>
      <guideLine isLocked="False" isHori="True" value="727"/>
      <guideLine isLocked="False" isHori="False" value="76"/>
      <guideLine isLocked="False" isHori="True" value="888"/>
      <guideLine isLocked="False" isHori="True" value="1227"/>
    </guideLines>
  </param>
</mockup>