﻿<mockup version="5.3" minAllowVersion="5.3" ID="BD193AFF-70A0-41C2-A87E-D5AA02699736" platform="MtWeb" defaultW="1400" defaultH="1450" measureW="1400" measureH="1450" mobileScreenScale="0">
  <controls controlCount="89">
    <control controlID="FFA3625D-EFE0-4B4C-AED0-FE7D1D5A560E" controlTypeID="Shape" x="0" y="312" w="1400" h="524" zOrder="0">
      <color>4294177779</color>
      <borderColor>4281808953</borderColor>
      <borderVisible>False</borderVisible>
      <font family="Segoe+UI" displayName="Segoe+UI" postScript="" weightStyle="Regular" weight="400" isBold="False" isItalic="False"/>
      <textSize>28</textSize>
      <selectedIndex>-1</selectedIndex>
    </control>
    <control controlID="2BF62165-38D8-4C83-B4B3-78E348EE9C41" controlTypeID="Image" x="0" y="5" w="1400" h="1445" zOrder="1">
      <opacity>0.850000023841858</opacity>
      <URL>539D4D7FD21DB58B55AD7CFA1C51A47B.jpg</URL>
      <showText>False</showText>
    </control>
    <control controlID="21DEBE37-BF8B-4166-82E7-335AE5DDC35B" controlTypeID="Label" x="90" y="424" w="124" h="54" zOrder="2">
      <font family="Segoe+UI" displayName="Segoe+UI" postScript="" weightStyle="Regular" weight="400" isBold="False" isItalic="False"/>
      <text>Cardi+B</text>
      <textColor>4294967295</textColor>
      <textSize>40</textSize>
      <lineSpacing>0</lineSpacing>
      <useDefaultTextSize>False</useDefaultTextSize>
      <selectedIndex>-1</selectedIndex>
    </control>
    <control controlID="B9F221B8-5AFB-4CE2-8B28-E9C77A883B09" controlTypeID="TextArea" x="90" y="488" w="500" h="65" zOrder="3">
      <font family="Segoe+UI" displayName="Segoe+UI" postScript="" weightStyle="Regular" weight="400" isBold="False" isItalic="False"/>
      <textColor>4294967295</textColor>
      <textSize>20</textSize>
      <useDefaultTextSize>False</useDefaultTextSize>
      <selectedIndex>-1</selectedIndex>
    </control>
    <control controlID="4C5EF717-B463-4CA0-ACA0-1CBA92694C54" controlTypeID="TextArea" x="90" y="478" w="668" h="190" zOrder="4">
      <font family="Segoe+UI" displayName="Segoe+UI" postScript="" weightStyle="Regular" weight="400" isBold="False" isItalic="False"/>
      <text>Cardi+B+received+her+first+two+nominations+at+the+2017+BET+Awards.+She+won+five+awards+at+the+2017+BET+Hip+Hop+Awards+and+four+more+awards+at+2018+BET+Hip+Hop+Awards.+She+has+received+seven+Grammy+Award+nominations+winning+one.</text>
      <textColor>4294967295</textColor>
      <textSize>28</textSize>
      <useDefaultTextSize>False</useDefaultTextSize>
      <selectedIndex>-1</selectedIndex>
    </control>
    <control controlID="41DFF203-21EE-4288-9746-DB43787B389E" controlTypeID="Button" x="90" y="684" w="180" h="40" zOrder="5">
      <states>
        <state propName="Color" stateType="state_mouseOver" isChecked="True" value="3854383616" varType="20"/>
      </states>
      <color>4290591232</color>
      <interactiveData>
        <entry title="">
          <area shape="0" alt="" ID="{D1FBA740-0BA6-4682-9440-93D778874C87}" coords="(0,0,180,40)"/>
          <events title="">
            <event eventType="atClick" isChecked="True">
              <behaviour title="" isChecked="True" isWait="False" isLoop="False" execMode="emParallel">
                <target targetID="9E7FE9EF-7384-4228-BC64-B9D78481EA31" isChecked="True" isAutoRecovery="False" isLoop="False" execMode="emSequence">
                  <command name="Popup State Change" isChecked="True" descrition="">
                    <param name="AniInterpolation" value="0" varType="3" description=""/>
                    <param name="AniDuration" value="200" varType="3" description=""/>
                    <param name="AniAutoReverse" value="False" varType="11" description=""/>
                    <param name="AniLoop" value="False" varType="11" description=""/>
                    <param name="AniInterpolationTypeOut" value="False" varType="11" description=""/>
                    <param name="Delay" value="0" varType="3" description=""/>
                    <param name="Value" value="2" varType="3" description=""/>
                    <param name="AniType" value="0" varType="3" description=""/>
                  </command>
                </target>
              </behaviour>
            </event>
          </events>
        </entry>
      </interactiveData>
      <font family="Segoe+UI" displayName="Segoe+UI" postScript="" weightStyle="Regular" weight="400" isBold="False" isItalic="False" useDefaultFontFamily="False"/>
      <text>SUBSCRIBE</text>
      <textColor>4294967295</textColor>
      <textSize>20</textSize>
      <lineSpacing>0</lineSpacing>
      <useDefaultTextSize>False</useDefaultTextSize>
      <selectedIndex>-1</selectedIndex>
      <radius>100</radius>
      <radiusIsPercent>True</radiusIsPercent>
    </control>
    <control controlID="EAA48005-BDD8-4335-A009-A5169FF0793C" controlTypeID="Image" x="957" y="424" w="350" h="350" zOrder="6">
      <clipShapeType>SbEllipse</clipShapeType>
      <URL>B51188773602B5C86283A8D618BC7611.jpg</URL>
    </control>
    <control controlID="0BD2F298-3ACD-4FA3-A2A9-3BA7CFE50F1F" controlTypeID="Line" x="988" y="4403" w="68" h="4" zOrder="7">
      <color>4290591232</color>
      <font family="Segoe+UI" displayName="Segoe+UI" postScript="" weightStyle="Regular" weight="400" isBold="False" isItalic="False"/>
      <textColor>4290591232</textColor>
      <textSize>28</textSize>
      <lineSpacing>0</lineSpacing>
      <selectedIndex>-1</selectedIndex>
      <controlPoint>(34,2)</controlPoint>
      <startPoint>(2,2)</startPoint>
      <endPoint>(67,2)</endPoint>
      <thickness>3</thickness>
    </control>
    <control controlID="5959DD4A-7232-44DE-A94E-F561DC93D0BA" controlTypeID="Image" x="37" y="76" w="550" h="215" zOrder="8">
      <caption>logo</caption>
      <links eventType="AtClick" animate="AmNone" animateAutoDelay="0" animateDuration="500">
        <link targetPageID="4A0D339D-9182-425A-A673-178FA0C98669" linkType="ltPageLink" isApplyIncludePage="False" title="HOME">
          <area shape="0" alt="" ID="{D1443161-549E-4B91-945E-7BA76CB9F374}" coords="(0,0,550,215)"/>
        </link>
      </links>
      <interactiveData>
        <entry title="">
          <area shape="0" alt="" ID="{5A33E01D-B76C-411A-AB89-393C1E13A312}" coords="(0,0,550,215)"/>
          <events title="">
            <event eventType="atClick" isChecked="True">
              <behaviour title="" isChecked="True" isWait="False" isLoop="False" execMode="emParallel">
                <target targetID="D880D9F2-F96E-401A-9BDC-6E6864970DAB" isChecked="True" isAutoRecovery="False" isLoop="False" execMode="emSequence">
                  <command name="Set Text Color" isChecked="True" descrition="">
                    <param name="AniInterpolation" value="0" varType="3" description=""/>
                    <param name="AniDuration" value="200" varType="3" description=""/>
                    <param name="AniAutoReverse" value="False" varType="11" description=""/>
                    <param name="AniLoop" value="False" varType="11" description=""/>
                    <param name="AniInterpolationTypeOut" value="False" varType="11" description=""/>
                    <param name="Delay" value="0" varType="3" description=""/>
                    <param name="FromValue" value="0" varType="20" description=""/>
                    <param name="ToValue" value="4294967040" varType="20" description=""/>
                  </command>
                </target>
              </behaviour>
            </event>
          </events>
        </entry>
      </interactiveData>
      <URL>3893359F374036C0F836494E3CC0BD82.png</URL>
    </control>
    <control controlID="5EE91736-56E0-4A3B-8553-D39165A9E205" controlTypeID="Label" x="275" y="262" w="175" h="40" zOrder="9">
      <font family="Segoe+UI" displayName="Segoe+UI" postScript="" weightStyle="Regular" weight="400" isBold="False" isItalic="False"/>
      <text>Music+To+Live</text>
      <textColor>4294967040</textColor>
      <textSize>30</textSize>
      <lineSpacing>0</lineSpacing>
      <useDefaultTextSize>False</useDefaultTextSize>
      <selectedIndex>-1</selectedIndex>
    </control>
    <control controlID="725CCC57-0541-4DBF-A797-146BA0CA36FF" controlTypeID="Label" x="687" y="59" w="165" h="38" zOrder="10">
      <links eventType="AtClick" animate="AmNone" animateAutoDelay="0" animateDuration="500">
        <link targetPageID="D787943C-55CB-4922-8217-BECC080E3C57" linkType="ltPageLink" isApplyIncludePage="False" title="My+stream">
          <area shape="0" alt="" ID="{C697A2CC-2BB0-4914-973E-55CCFD9ED777}" coords="(0,0,165,38)"/>
        </link>
      </links>
      <font family="Segoe+UI" displayName="Segoe+UI" postScript="" weightStyle="Regular" weight="400" isBold="False" isItalic="False"/>
      <text>MY+STREAMS</text>
      <textColor>4294967295</textColor>
      <textSize>28</textSize>
      <lineSpacing>0</lineSpacing>
      <selectedIndex>-1</selectedIndex>
    </control>
    <control controlID="8B6BA446-4E18-47AF-9D52-786FCDCBD1B6" controlTypeID="Label" x="888" y="59" w="151" h="38" zOrder="11">
      <links eventType="AtClick" animate="AmNone" animateAutoDelay="0" animateDuration="500">
        <link targetPageID="2781DBA1-A02C-448A-A3AE-53C0C29D05D9" linkType="ltPageLink" isApplyIncludePage="False" title="My+Shouts">
          <area shape="0" alt="" ID="{75A8FB27-7647-4ABE-88D3-E3E6B48BE623}" coords="(0,0,151,38)"/>
        </link>
      </links>
      <font family="Segoe+UI" displayName="Segoe+UI" postScript="" weightStyle="Regular" weight="400" isBold="False" isItalic="False"/>
      <text>MY+SHOUTS</text>
      <textColor>4294967295</textColor>
      <textSize>28</textSize>
      <lineSpacing>0</lineSpacing>
      <selectedIndex>-1</selectedIndex>
    </control>
    <control controlID="218DC1DC-AA39-41F0-9A17-00542C757E9A" controlTypeID="Search" x="962" y="264" w="405" h="36" zOrder="12">
      <font family="Segoe+UI" displayName="Segoe+UI" postScript="" weightStyle="Regular" weight="400" isBold="False" isItalic="False"/>
      <text>Search+for+music+you+love+</text>
      <textColor>2046820352</textColor>
      <textSize>20</textSize>
      <textVAlign>VaTop</textVAlign>
      <lineSpacing>0</lineSpacing>
      <useDefaultTextSize>False</useDefaultTextSize>
      <selectedIndex>-1</selectedIndex>
    </control>
    <control controlID="D880D9F2-F96E-401A-9BDC-6E6864970DAB" controlTypeID="Label" x="375" y="58" w="79" h="38" zOrder="13">
      <links eventType="AtClick" animate="AmNone" animateAutoDelay="0" animateDuration="500">
        <link targetPageID="4A0D339D-9182-425A-A673-178FA0C98669" linkType="ltPageLink" isApplyIncludePage="False" title="HOME">
          <area shape="0" alt="" ID="{4130AD43-AC50-4D17-926D-A6E7AC7372BA}" coords="(0,0,79,38)"/>
        </link>
      </links>
      <font family="Segoe+UI" displayName="Segoe+UI" postScript="" weightStyle="Regular" weight="400" isBold="False" isItalic="False"/>
      <text>HOME</text>
      <textColor>4294967295</textColor>
      <textSize>28</textSize>
      <lineSpacing>0</lineSpacing>
      <selectedIndex>-1</selectedIndex>
    </control>
    <control controlID="02916428-4BA1-4814-9944-6245430202EF" controlTypeID="Button" x="492" y="55" w="161" h="44" zOrder="14">
      <color>4294111986</color>
      <borderVisible>False</borderVisible>
      <links eventType="AtClick" animate="AmNone" animateAutoDelay="0" animateDuration="500">
        <link targetPageID="BD193AFF-70A0-41C2-A87E-D5AA02699736" linkType="ltPageLink" isApplyIncludePage="False" title="My+Artist">
          <area shape="0" alt="" ID="{39BA0992-1E6B-45A1-B888-E20E8F151352}" coords="(0,0,161,44)"/>
        </link>
      </links>
      <font family="Segoe+UI" displayName="Segoe+UI" postScript="" weightStyle="Regular" weight="400" isBold="False" isItalic="False" useDefaultFontFamily="False"/>
      <text>MY+ARTIST</text>
      <textSize>28</textSize>
      <lineSpacing>0</lineSpacing>
      <useDefaultTextSize>False</useDefaultTextSize>
      <selectedIndex>-1</selectedIndex>
    </control>
    <control controlID="E269EF08-92BF-45BB-BFB5-DD206A02FDF8" controlTypeID="Icon" x="1133" y="65" w="24" h="24" zOrder="15">
      <color>4294967295</color>
      <icon>
        <ID/>
        <iconFontName>jdIonicons</iconFontName>
        <iconCode>62368</iconCode>
      </icon>
      <URL>B91434690C5B5224D1CC6B1998F1178A.svg</URL>
    </control>
    <control controlID="08CE4654-FA1A-47B7-A874-9B8D6FB43BAD" controlTypeID="Label" x="1186" y="58" w="67" h="38" zOrder="16">
      <links eventType="AtClick" animate="AmNone" animateAutoDelay="0" animateDuration="500">
        <link targetPageID="A8DB2508-17C8-4108-87DB-6F4A73B2CD29" linkType="ltPageLink" isApplyIncludePage="False" title="Login">
          <area shape="0" alt="" ID="{7936298F-B9D7-488C-A550-66FCAF24914B}" coords="(0,0,67,38)"/>
        </link>
      </links>
      <font family="Segoe+UI" displayName="Segoe+UI" postScript="" weightStyle="Regular" weight="400" isBold="False" isItalic="False"/>
      <text>Login+</text>
      <textColor>4294967295</textColor>
      <textSize>28</textSize>
      <lineSpacing>0</lineSpacing>
      <selectedIndex>-1</selectedIndex>
    </control>
    <control controlID="D8234E72-5FC7-4D26-9020-4453BDBE64FB" controlTypeID="Label" x="1268" y="58" w="99" h="38" zOrder="17">
      <interactiveData>
        <entry title="">
          <area shape="0" alt="" ID="{8595594D-77DC-425E-8BF5-08D0A9A02090}" coords="(0,0,99,38)"/>
          <events title="">
            <event eventType="atClick" isChecked="True">
              <behaviour title="" isChecked="True" isWait="False" isLoop="False" execMode="emParallel">
                <target targetID="2BF62165-38D8-4C83-B4B3-78E348EE9C41" isChecked="True" isAutoRecovery="False" isLoop="False" execMode="emSequence">
                  <command name="Change Visibility" isChecked="True" descrition="">
                    <param name="AniInterpolation" value="1" varType="3" description=""/>
                    <param name="AniDuration" value="200" varType="3" description=""/>
                    <param name="AniAutoReverse" value="False" varType="11" description=""/>
                    <param name="AniLoop" value="False" varType="11" description=""/>
                    <param name="AniInterpolationTypeOut" value="False" varType="11" description=""/>
                    <param name="Delay" value="0" varType="3" description=""/>
                    <param name="ValueFromCurrent" value="True" varType="11" description=""/>
                    <param name="ForceFromInitValue" value="False" varType="11" description=""/>
                    <param name="ForceSetVisible" value="False" varType="11" description=""/>
                    <param name="Value" value="2" varType="3" description=""/>
                    <param name="TerminateLoopByClick" value="True" varType="11" description=""/>
                  </command>
                </target>
              </behaviour>
            </event>
          </events>
        </entry>
      </interactiveData>
      <font family="Segoe+UI" displayName="Segoe+UI" postScript="" weightStyle="Regular" weight="400" isBold="False" isItalic="False"/>
      <text>Register</text>
      <textColor>4294967295</textColor>
      <textSize>28</textSize>
      <lineSpacing>0</lineSpacing>
      <selectedIndex>-1</selectedIndex>
    </control>
    <control controlID="F1F6C7B4-3852-4C84-BC75-9EBF0F7BB3E7" controlTypeID="Master" x="0" y="1359" w="1400" h="91" zOrder="18" masterID="24338112-78F9-4D38-8F21-F0FAFA2D27E7">
      <groupChildrenDescriptors>
        <control controlID="739EDA4E-C75A-41EB-BD64-2D79A69D97C1" controlTypeID="__group__" x="0" y="0" w="1400" h="91" zOrder="0">
          <groupChildrenDescriptors>
            <control controlID="D31AA180-8F3C-42AA-A759-A9F4BBE81402" controlTypeID="Shape" x="0" y="0" w="1400" h="91" zOrder="0">
              <color>4289638062</color>
              <font family="" displayName="%E5%BE%AE%E8%BD%AF%E9%9B%85%E9%BB%91" postScript="" weightStyle="Regular" weight="400" isBold="False" isItalic="False"/>
              <textColor>4289638062</textColor>
              <textSize>14</textSize>
              <selectedIndex>-1</selectedIndex>
            </control>
            <control controlID="B60E34AC-3DFB-413F-A945-CD53B2F7C8A9" controlTypeID="Label" x="1124" y="38" w="88" h="27" zOrder="1">
              <font family="" displayName="%E5%BE%AE%E8%BD%AF%E9%9B%85%E9%BB%91" postScript="" weightStyle="Regular" weight="400" isBold="False" isItalic="False"/>
              <text>Follow+Us%3A</text>
              <textSize>20</textSize>
              <lineSpacing>0</lineSpacing>
              <useDefaultTextSize>False</useDefaultTextSize>
              <selectedIndex>-1</selectedIndex>
            </control>
            <control controlID="78E83CEB-0FE4-490A-B99C-23DEC186DF65" controlTypeID="Label" x="45" y="38" w="369" h="27" zOrder="2">
              <color>16777215</color>
              <font family="" displayName="%E5%BE%AE%E8%BD%AF%E9%9B%85%E9%BB%91" postScript="" weightStyle="Regular" weight="400" isBold="False" isItalic="False"/>
              <text>%C2%A9+2018+J2SM+Software+All+rights+reserved.</text>
              <textSize>20</textSize>
              <textAlign>HaCenter</textAlign>
              <lineSpacing>0</lineSpacing>
              <useDefaultTextSize>False</useDefaultTextSize>
              <selectedIndex>-1</selectedIndex>
            </control>
            <control controlID="843777EC-BCF4-464C-A4F8-DAA45C25F704" controlTypeID="Icon" x="1276" y="40" w="24" h="24" zOrder="3">
              <states>
                <state propName="Color" stateType="state_mouseOver" isChecked="True" value="4291611852" varType="20"/>
              </states>
              <color>4278229503</color>
              <icon>
                <ID/>
                <iconFontName>jdFontAwesome</iconFontName>
                <iconCode>61570</iconCode>
              </icon>
              <URL>4CEBA48D845888E06C868951A5E1A875.svg</URL>
            </control>
            <control controlID="82BD6329-8BD5-46DE-91CE-5D138D662D4D" controlTypeID="Icon" x="1317" y="40" w="24" h="24" zOrder="4">
              <states>
                <state propName="Color" stateType="state_mouseOver" isChecked="True" value="4291611852" varType="20"/>
              </states>
              <color>4281571839</color>
              <icon>
                <ID/>
                <iconFontName>jdFontAwesome</iconFontName>
                <iconCode>61569</iconCode>
              </icon>
              <URL>520A776503D70E7FC53BE8D209CC96C1.svg</URL>
            </control>
            <control controlID="1C282EA1-EF8D-44DD-BEF9-6ADCD71E6932" controlTypeID="Icon" x="1356" y="40" w="24" h="24" zOrder="5">
              <states>
                <state propName="Color" stateType="state_mouseOver" isChecked="True" value="4291611852" varType="20"/>
              </states>
              <color>4290591232</color>
              <icon>
                <ID/>
                <iconFontName>jdFontAwesome</iconFontName>
                <iconCode>61652</iconCode>
              </icon>
              <URL>282331BE75C40FB6D299F787B7BFD38F.svg</URL>
            </control>
            <control controlID="340F0C20-08BC-4A2F-80DF-A3013516255E" controlTypeID="Icon" x="1232" y="38" w="28" h="28" zOrder="6">
              <states>
                <state propName="Color" stateType="state_mouseOver" isChecked="True" value="4291611852" varType="20"/>
              </states>
              <color>4290591232</color>
              <icon>
                <ID/>
                <iconFontName>jdIonicons</iconFontName>
                <iconCode>62029</iconCode>
              </icon>
              <URL>4529DADA0AD1F8BF89E5709239A0C3BD.svg</URL>
            </control>
          </groupChildrenDescriptors>
        </control>
      </groupChildrenDescriptors>
    </control>
    <control controlID="BB71A6F8-7769-4FB2-9163-E3D839D4D18B" controlTypeID="Line" x="-5" y="354" w="1405" h="4" zOrder="19">
      <color>4294967295</color>
      <font family="Segoe+UI" displayName="Segoe+UI" postScript="" weightStyle="Regular" weight="400" isBold="False" isItalic="False"/>
      <textColor>4294967295</textColor>
      <textSize>28</textSize>
      <lineSpacing>0</lineSpacing>
      <selectedIndex>-1</selectedIndex>
      <controlPoint>(704,2)</controlPoint>
      <startPoint>(2,2)</startPoint>
      <endPoint>(1405,2)</endPoint>
      <thickness>4</thickness>
    </control>
    <control controlID="968109B7-AE46-4D51-920B-FDE67529D0CC" controlTypeID="Image" x="90" y="794" w="150" h="150" zOrder="20">
      <URL>FEC35DBF55C464096BF911EA77F04C95.png</URL>
    </control>
    <control controlID="AD8AA9A2-AA69-4D29-A0C1-81F5A433337D" controlTypeID="Image" x="90" y="989" w="150" h="150" zOrder="21">
      <URL>49BC22A68AD04EB82AD7C7AA33E89DD4.png</URL>
    </control>
    <control controlID="FC559561-CA5B-42D8-8B0D-8FC0703ADD9A" controlTypeID="Image" x="90" y="1182" w="150" h="150" zOrder="22">
      <URL>78AFA535948379271C11A5685E982757.png</URL>
    </control>
    <control controlID="0BCA9F3B-446F-4025-BC24-012719C8CC7D" controlTypeID="Image" x="730" y="794" w="150" h="150" zOrder="23">
      <URL>78AFA535948379271C11A5685E982757.png</URL>
    </control>
    <control controlID="78C70A10-3559-4AE0-9E7F-E5047018649F" controlTypeID="Image" x="730" y="989" w="150" h="150" zOrder="24">
      <URL>FEC35DBF55C464096BF911EA77F04C95.png</URL>
    </control>
    <control controlID="005116D0-F4E8-4F88-A550-B28C8B3AF692" controlTypeID="Image" x="730" y="1182" w="150" h="150" zOrder="25">
      <URL>49BC22A68AD04EB82AD7C7AA33E89DD4.png</URL>
    </control>
    <control controlID="051B046B-8803-4841-B1AF-D3EDBF5F0A3B" controlTypeID="Label" x="260" y="989" w="235" h="54" zOrder="26">
      <font family="Segoe+UI" displayName="Segoe+UI" postScript="" weightStyle="Regular" weight="400" isBold="False" isItalic="False"/>
      <text>Kishor+Kumar</text>
      <textColor>4294967040</textColor>
      <textSize>40</textSize>
      <lineSpacing>0</lineSpacing>
      <useDefaultTextSize>False</useDefaultTextSize>
      <selectedIndex>-1</selectedIndex>
    </control>
    <control controlID="1E3B3F21-F25D-475B-AFB5-6B4A15C71724" controlTypeID="Label" x="894" y="1182" w="235" h="54" zOrder="27">
      <font family="Segoe+UI" displayName="Segoe+UI" postScript="" weightStyle="Regular" weight="400" isBold="False" isItalic="False"/>
      <text>Kishor+Kumar</text>
      <textColor>4294967040</textColor>
      <textSize>40</textSize>
      <lineSpacing>0</lineSpacing>
      <useDefaultTextSize>False</useDefaultTextSize>
      <selectedIndex>-1</selectedIndex>
    </control>
    <control controlID="B9123B64-5FA2-4E9D-AB92-1AF0622E94DE" controlTypeID="Label" x="260" y="788" w="89" h="54" zOrder="28">
      <font family="Segoe+UI" displayName="Segoe+UI" postScript="" weightStyle="Regular" weight="400" isBold="False" isItalic="False"/>
      <text>Avicii</text>
      <textColor>4294967040</textColor>
      <textSize>40</textSize>
      <lineSpacing>0</lineSpacing>
      <useDefaultTextSize>False</useDefaultTextSize>
      <selectedIndex>-1</selectedIndex>
    </control>
    <control controlID="BAABD5C4-300D-4EB2-A527-B42B88BDD29A" controlTypeID="Label" x="260" y="1182" w="139" h="54" zOrder="29">
      <font family="Segoe+UI" displayName="Segoe+UI" postScript="" weightStyle="Regular" weight="400" isBold="False" isItalic="False"/>
      <text>Nucleya</text>
      <textColor>4294967040</textColor>
      <textSize>40</textSize>
      <lineSpacing>0</lineSpacing>
      <useDefaultTextSize>False</useDefaultTextSize>
      <selectedIndex>-1</selectedIndex>
    </control>
    <control controlID="B224996B-AB3B-4DB8-A3B3-12057323896B" controlTypeID="Label" x="894" y="794" w="139" h="54" zOrder="30">
      <font family="Segoe+UI" displayName="Segoe+UI" postScript="" weightStyle="Regular" weight="400" isBold="False" isItalic="False"/>
      <text>Nucleya</text>
      <textColor>4294967040</textColor>
      <textSize>40</textSize>
      <lineSpacing>0</lineSpacing>
      <useDefaultTextSize>False</useDefaultTextSize>
      <selectedIndex>-1</selectedIndex>
    </control>
    <control controlID="FFDCC518-275A-4743-884E-2E6138FCC4D6" controlTypeID="Label" x="894" y="989" w="89" h="54" zOrder="31">
      <font family="Segoe+UI" displayName="Segoe+UI" postScript="" weightStyle="Regular" weight="400" isBold="False" isItalic="False"/>
      <text>Avicii</text>
      <textColor>4294967040</textColor>
      <textSize>40</textSize>
      <lineSpacing>0</lineSpacing>
      <useDefaultTextSize>False</useDefaultTextSize>
      <selectedIndex>-1</selectedIndex>
    </control>
    <control controlID="83ACE980-8191-40F7-8BC8-34CA3A3AFC0A" controlTypeID="Icon" x="260" y="1053" w="24" h="24" zOrder="32">
      <color>4294967295</color>
      <icon>
        <ID/>
        <iconFontName>jdFontAwesome</iconFontName>
        <iconCode>61570</iconCode>
      </icon>
      <URL>4CEBA48D845888E06C868951A5E1A875.svg</URL>
    </control>
    <control controlID="8778D418-D456-4874-9509-F4006F6F6E9C" controlTypeID="Icon" x="301" y="1053" w="24" h="24" zOrder="33">
      <color>4294967295</color>
      <icon>
        <ID/>
        <iconFontName>jdFontAwesome</iconFontName>
        <iconCode>61571</iconCode>
      </icon>
      <URL>184294BCB1A9EB3A13B9FA3F7456BB90.svg</URL>
    </control>
    <control controlID="D5AEE03B-5904-46F7-9990-AFF9ABC64421" controlTypeID="Icon" x="339" y="1053" w="24" h="24" zOrder="34">
      <color>4294967295</color>
      <icon>
        <ID/>
        <iconFontName>jdFontAwesome</iconFontName>
        <iconCode>61569</iconCode>
      </icon>
      <URL>520A776503D70E7FC53BE8D209CC96C1.svg</URL>
    </control>
    <control controlID="5A643B64-D9D0-402D-8AD4-A5228B4B3CE1" controlTypeID="Icon" x="260" y="1094" w="24" h="24" zOrder="35">
      <color>4294967295</color>
      <links eventType="AtClick" animate="AmNone" animateAutoDelay="0" animateDuration="500">
        <link targetPageID="2781DBA1-A02C-448A-A3AE-53C0C29D05D9" linkType="ltPageLink" isApplyIncludePage="False" title="My+Shouts">
          <area shape="0" alt="" ID="{AE61258F-0FE2-4B15-B878-51D57E820566}" coords="(0,0,24,24)"/>
        </link>
      </links>
      <icon>
        <ID/>
        <iconFontName>jdFontAwesome</iconFontName>
        <iconCode>61598</iconCode>
      </icon>
      <URL>141865ED6C1F03CB217F2DC3BC8376ED.svg</URL>
    </control>
    <control controlID="056C7D97-B063-4C30-B155-E4EDDDB4B5A7" controlTypeID="Icon" x="260" y="852" w="24" h="24" zOrder="36">
      <color>4294967295</color>
      <icon>
        <ID/>
        <iconFontName>jdFontAwesome</iconFontName>
        <iconCode>61570</iconCode>
      </icon>
      <URL>4CEBA48D845888E06C868951A5E1A875.svg</URL>
    </control>
    <control controlID="AAAAD092-7E54-49F9-A29A-D27940779598" controlTypeID="Icon" x="299" y="852" w="24" h="24" zOrder="37">
      <color>4294967295</color>
      <icon>
        <ID/>
        <iconFontName>jdFontAwesome</iconFontName>
        <iconCode>61571</iconCode>
      </icon>
      <URL>184294BCB1A9EB3A13B9FA3F7456BB90.svg</URL>
    </control>
    <control controlID="5B2685B4-A25A-4773-AAAB-903884AE5F14" controlTypeID="Icon" x="336" y="852" w="24" h="24" zOrder="38">
      <color>4294967295</color>
      <icon>
        <ID/>
        <iconFontName>jdFontAwesome</iconFontName>
        <iconCode>61569</iconCode>
      </icon>
      <URL>520A776503D70E7FC53BE8D209CC96C1.svg</URL>
    </control>
    <control controlID="74274447-943B-4D83-BBBB-4BBFC0CF23E8" controlTypeID="Icon" x="260" y="896" w="24" h="24" zOrder="39">
      <color>4294967295</color>
      <links eventType="AtClick" animate="AmNone" animateAutoDelay="0" animateDuration="500">
        <link targetPageID="2781DBA1-A02C-448A-A3AE-53C0C29D05D9" linkType="ltPageLink" isApplyIncludePage="False" title="My+Shouts">
          <area shape="0" alt="" ID="{CD2B7602-7DD6-4EAC-8290-9432B3927B7F}" coords="(0,0,24,24)"/>
        </link>
      </links>
      <icon>
        <ID/>
        <iconFontName>jdFontAwesome</iconFontName>
        <iconCode>61598</iconCode>
      </icon>
      <URL>141865ED6C1F03CB217F2DC3BC8376ED.svg</URL>
    </control>
    <control controlID="D302FF0C-D6E6-4D1F-B23D-1D13053F2708" controlTypeID="Icon" x="375" y="1053" w="24" h="24" zOrder="40">
      <color>4294967295</color>
      <icon>
        <ID/>
        <iconFontName>jdFontAwesome</iconFontName>
        <iconCode>61798</iconCode>
      </icon>
      <URL>4CF83DDA9C8A839D8E053EBCF4E552C8.svg</URL>
    </control>
    <control controlID="BA1067C9-7BF5-40E7-9659-453518587680" controlTypeID="Icon" x="375" y="852" w="24" h="24" zOrder="41">
      <color>4294967295</color>
      <icon>
        <ID/>
        <iconFontName>jdFontAwesome</iconFontName>
        <iconCode>61798</iconCode>
      </icon>
      <URL>4CF83DDA9C8A839D8E053EBCF4E552C8.svg</URL>
    </control>
    <control controlID="37C56FBA-E862-41DF-B637-9B35F5A067F8" controlTypeID="Icon" x="260" y="1246" w="24" h="24" zOrder="42">
      <color>4294967295</color>
      <icon>
        <ID/>
        <iconFontName>jdFontAwesome</iconFontName>
        <iconCode>61570</iconCode>
      </icon>
      <URL>4CEBA48D845888E06C868951A5E1A875.svg</URL>
    </control>
    <control controlID="27B76FFB-2779-4B9F-8E17-B6CD43C15B5E" controlTypeID="Icon" x="299" y="1246" w="24" h="24" zOrder="43">
      <color>4294967295</color>
      <icon>
        <ID/>
        <iconFontName>jdFontAwesome</iconFontName>
        <iconCode>61571</iconCode>
      </icon>
      <URL>184294BCB1A9EB3A13B9FA3F7456BB90.svg</URL>
    </control>
    <control controlID="39C2BA58-9408-4F0F-ABBC-894B3F4A6BE1" controlTypeID="Icon" x="336" y="1246" w="24" h="24" zOrder="44">
      <color>4294967295</color>
      <icon>
        <ID/>
        <iconFontName>jdFontAwesome</iconFontName>
        <iconCode>61569</iconCode>
      </icon>
      <URL>520A776503D70E7FC53BE8D209CC96C1.svg</URL>
    </control>
    <control controlID="D77CC504-5EE4-41CF-BAA1-9E94B8E92E5E" controlTypeID="Icon" x="260" y="1290" w="24" h="24" zOrder="45">
      <color>4294967295</color>
      <links eventType="AtClick" animate="AmNone" animateAutoDelay="0" animateDuration="500">
        <link targetPageID="2781DBA1-A02C-448A-A3AE-53C0C29D05D9" linkType="ltPageLink" isApplyIncludePage="False" title="My+Shouts">
          <area shape="0" alt="" ID="{C872D338-66C2-45F1-BA8B-C6826F484D7A}" coords="(0,0,24,24)"/>
        </link>
      </links>
      <icon>
        <ID/>
        <iconFontName>jdFontAwesome</iconFontName>
        <iconCode>61598</iconCode>
      </icon>
      <URL>141865ED6C1F03CB217F2DC3BC8376ED.svg</URL>
    </control>
    <control controlID="038AF606-CD0B-4DA3-A53C-AC52325059C0" controlTypeID="Icon" x="375" y="1246" w="24" h="24" zOrder="46">
      <color>4294967295</color>
      <icon>
        <ID/>
        <iconFontName>jdFontAwesome</iconFontName>
        <iconCode>61798</iconCode>
      </icon>
      <URL>4CF83DDA9C8A839D8E053EBCF4E552C8.svg</URL>
    </control>
    <control controlID="0C3C4302-0F5A-4DEF-8051-F36115E7C6AF" controlTypeID="Icon" x="900" y="858" w="24" h="24" zOrder="47">
      <color>4294967295</color>
      <icon>
        <ID/>
        <iconFontName>jdFontAwesome</iconFontName>
        <iconCode>61570</iconCode>
      </icon>
      <URL>4CEBA48D845888E06C868951A5E1A875.svg</URL>
    </control>
    <control controlID="57F33601-A528-43E2-B357-1363AE97BCBE" controlTypeID="Icon" x="939" y="858" w="24" h="24" zOrder="48">
      <color>4294967295</color>
      <icon>
        <ID/>
        <iconFontName>jdFontAwesome</iconFontName>
        <iconCode>61571</iconCode>
      </icon>
      <URL>184294BCB1A9EB3A13B9FA3F7456BB90.svg</URL>
    </control>
    <control controlID="CA1B37F2-AAF0-40BE-9C64-70BBF14FF4BF" controlTypeID="Icon" x="976" y="858" w="24" h="24" zOrder="49">
      <color>4294967295</color>
      <icon>
        <ID/>
        <iconFontName>jdFontAwesome</iconFontName>
        <iconCode>61569</iconCode>
      </icon>
      <URL>520A776503D70E7FC53BE8D209CC96C1.svg</URL>
    </control>
    <control controlID="C94D51E8-7794-44E0-80A0-09CD7C285960" controlTypeID="Icon" x="900" y="902" w="24" h="24" zOrder="50">
      <color>4294967295</color>
      <links eventType="AtClick" animate="AmNone" animateAutoDelay="0" animateDuration="500">
        <link targetPageID="2781DBA1-A02C-448A-A3AE-53C0C29D05D9" linkType="ltPageLink" isApplyIncludePage="False" title="My+Shouts">
          <area shape="0" alt="" ID="{49A1CE14-0598-4468-B847-102A3F694ABF}" coords="(0,0,24,24)"/>
        </link>
      </links>
      <icon>
        <ID/>
        <iconFontName>jdFontAwesome</iconFontName>
        <iconCode>61598</iconCode>
      </icon>
      <URL>141865ED6C1F03CB217F2DC3BC8376ED.svg</URL>
    </control>
    <control controlID="221216FA-6037-4204-8799-FB4A091C203F" controlTypeID="Icon" x="1015" y="858" w="24" h="24" zOrder="51">
      <color>4294967295</color>
      <icon>
        <ID/>
        <iconFontName>jdFontAwesome</iconFontName>
        <iconCode>61798</iconCode>
      </icon>
      <URL>4CF83DDA9C8A839D8E053EBCF4E552C8.svg</URL>
    </control>
    <control controlID="F568BA20-B8D6-4C29-9FD1-89F672F7DF94" controlTypeID="Icon" x="894" y="1053" w="24" h="24" zOrder="52">
      <color>4294967295</color>
      <icon>
        <ID/>
        <iconFontName>jdFontAwesome</iconFontName>
        <iconCode>61570</iconCode>
      </icon>
      <URL>4CEBA48D845888E06C868951A5E1A875.svg</URL>
    </control>
    <control controlID="B7613067-3E25-4B86-973F-708500E68652" controlTypeID="Icon" x="933" y="1053" w="24" h="24" zOrder="53">
      <color>4294967295</color>
      <icon>
        <ID/>
        <iconFontName>jdFontAwesome</iconFontName>
        <iconCode>61571</iconCode>
      </icon>
      <URL>184294BCB1A9EB3A13B9FA3F7456BB90.svg</URL>
    </control>
    <control controlID="1EFD8F4C-5EE9-4A4F-85AC-10090A0D71C2" controlTypeID="Icon" x="970" y="1053" w="24" h="24" zOrder="54">
      <color>4294967295</color>
      <icon>
        <ID/>
        <iconFontName>jdFontAwesome</iconFontName>
        <iconCode>61569</iconCode>
      </icon>
      <URL>520A776503D70E7FC53BE8D209CC96C1.svg</URL>
    </control>
    <control controlID="79D36CA4-8053-4E5A-896D-7634BEB2F13D" controlTypeID="Icon" x="894" y="1097" w="24" h="24" zOrder="55">
      <color>4294967295</color>
      <links eventType="AtClick" animate="AmNone" animateAutoDelay="0" animateDuration="500">
        <link targetPageID="2781DBA1-A02C-448A-A3AE-53C0C29D05D9" linkType="ltPageLink" isApplyIncludePage="False" title="My+Shouts">
          <area shape="0" alt="" ID="{565F04A2-26FA-441E-AEE9-E50560D4BA4A}" coords="(0,0,24,24)"/>
        </link>
      </links>
      <icon>
        <ID/>
        <iconFontName>jdFontAwesome</iconFontName>
        <iconCode>61598</iconCode>
      </icon>
      <URL>141865ED6C1F03CB217F2DC3BC8376ED.svg</URL>
    </control>
    <control controlID="1329AF69-46F5-4446-869E-BA09B03EE91E" controlTypeID="Icon" x="1009" y="1053" w="24" h="24" zOrder="56">
      <color>4294967295</color>
      <icon>
        <ID/>
        <iconFontName>jdFontAwesome</iconFontName>
        <iconCode>61798</iconCode>
      </icon>
      <URL>4CF83DDA9C8A839D8E053EBCF4E552C8.svg</URL>
    </control>
    <control controlID="5A0C4AC7-35B0-46E8-9C4C-6763CBE31905" controlTypeID="Icon" x="894" y="1246" w="24" h="24" zOrder="57">
      <color>4294967295</color>
      <icon>
        <ID/>
        <iconFontName>jdFontAwesome</iconFontName>
        <iconCode>61570</iconCode>
      </icon>
      <URL>4CEBA48D845888E06C868951A5E1A875.svg</URL>
    </control>
    <control controlID="C7678CD7-6B8D-417C-9633-5CD009D32133" controlTypeID="Icon" x="933" y="1246" w="24" h="24" zOrder="58">
      <color>4294967295</color>
      <icon>
        <ID/>
        <iconFontName>jdFontAwesome</iconFontName>
        <iconCode>61571</iconCode>
      </icon>
      <URL>184294BCB1A9EB3A13B9FA3F7456BB90.svg</URL>
    </control>
    <control controlID="6500198C-D27A-4AD8-BDA1-881A4C0FB8C0" controlTypeID="Icon" x="970" y="1246" w="24" h="24" zOrder="59">
      <color>4294967295</color>
      <icon>
        <ID/>
        <iconFontName>jdFontAwesome</iconFontName>
        <iconCode>61569</iconCode>
      </icon>
      <URL>520A776503D70E7FC53BE8D209CC96C1.svg</URL>
    </control>
    <control controlID="D57DCBC7-2DC9-4123-9AE1-0F06AB5C84AB" controlTypeID="Icon" x="894" y="1290" w="24" h="24" zOrder="60">
      <color>4294967295</color>
      <links eventType="AtClick" animate="AmNone" animateAutoDelay="0" animateDuration="500">
        <link targetPageID="2781DBA1-A02C-448A-A3AE-53C0C29D05D9" linkType="ltPageLink" isApplyIncludePage="False" title="My+Shouts">
          <area shape="0" alt="" ID="{045C670E-BC53-40B7-9625-6974D8E2E1A4}" coords="(0,0,24,24)"/>
        </link>
      </links>
      <icon>
        <ID/>
        <iconFontName>jdFontAwesome</iconFontName>
        <iconCode>61598</iconCode>
      </icon>
      <URL>141865ED6C1F03CB217F2DC3BC8376ED.svg</URL>
    </control>
    <control controlID="59A7A000-43B3-4B6B-8A4A-4E97C198D5D6" controlTypeID="Icon" x="1009" y="1246" w="24" h="24" zOrder="61">
      <color>4294967295</color>
      <icon>
        <ID/>
        <iconFontName>jdFontAwesome</iconFontName>
        <iconCode>61798</iconCode>
      </icon>
      <URL>4CF83DDA9C8A839D8E053EBCF4E552C8.svg</URL>
    </control>
    <control controlID="218188A1-5467-4F6B-981A-7C7253B73DFA" controlTypeID="BreadCrumbs" x="90" y="376" w="198" h="38" zOrder="62">
      <links eventType="AtClick" animate="AmNone" animateAutoDelay="0" animateDuration="500">
        <link targetPageID="4A0D339D-9182-425A-A673-178FA0C98669" linkType="ltPageLink" isApplyIncludePage="False" title="Home">
          <area shape="0" alt="" ID="{4D6ABCE5-B513-4010-B515-88115FB063E0}" coords="(0,0,74,38)"/>
        </link>
        <link targetPageID="BD193AFF-70A0-41C2-A87E-D5AA02699736" linkType="ltPageLink" isApplyIncludePage="False" title="My+Artist">
          <area shape="0" alt="" ID="{A4DD4601-0C7F-4B5C-A203-639F84ED970E}" coords="(86,0,198,38)"/>
        </link>
      </links>
      <interactiveData>
        <entry title="Home">
          <area shape="0" alt="" ID="{A98692B9-AEA9-4043-A3CF-87F97B2AEE09}" coords="(0,0,74,38)"/>
          <events title="">
            <event eventType="atClick" isChecked="True">
              <behaviour title="" isChecked="True" isWait="False" isLoop="False" execMode="emParallel">
                <target targetID="D880D9F2-F96E-401A-9BDC-6E6864970DAB" isChecked="True" isAutoRecovery="False" isLoop="False" execMode="emSequence">
                  <command name="Change Visibility" isChecked="True" descrition="">
                    <param name="AniInterpolation" value="1" varType="3" description=""/>
                    <param name="AniDuration" value="200" varType="3" description=""/>
                    <param name="AniAutoReverse" value="False" varType="11" description=""/>
                    <param name="AniLoop" value="False" varType="11" description=""/>
                    <param name="AniInterpolationTypeOut" value="False" varType="11" description=""/>
                    <param name="Delay" value="0" varType="3" description=""/>
                    <param name="ValueFromCurrent" value="True" varType="11" description=""/>
                    <param name="ForceFromInitValue" value="False" varType="11" description=""/>
                    <param name="ForceSetVisible" value="False" varType="11" description=""/>
                    <param name="Value" value="2" varType="3" description=""/>
                    <param name="TerminateLoopByClick" value="True" varType="11" description=""/>
                  </command>
                </target>
              </behaviour>
            </event>
          </events>
        </entry>
        <entry title="My+Artist">
          <area shape="0" alt="" ID="{137052CD-D79A-46D9-AB98-B2FC5F285697}" coords="(86,0,198,38)"/>
          <events title=""/>
        </entry>
      </interactiveData>
      <font family="Segoe+UI" displayName="Segoe+UI" postScript="" weightStyle="Regular" weight="400" isBold="False" isItalic="False"/>
      <text>Home%2CMy+Artist</text>
      <textColor>4294967295</textColor>
      <textSize>28</textSize>
      <lineSpacing>0</lineSpacing>
      <useDefaultTextSize>False</useDefaultTextSize>
    </control>
    <control controlID="D9AD1CA6-B2AC-4A54-BDE4-3E5CEFEB1903" controlTypeID="Button" x="299" y="896" w="140" h="30" zOrder="63">
      <states>
        <state propName="Color" stateType="state_mouseOver" isChecked="True" value="3854383616" varType="20"/>
      </states>
      <color>4290591232</color>
      <interactiveData>
        <entry title="">
          <area shape="0" alt="" ID="{DC0A7C50-6732-416A-84C9-B799BE4098EA}" coords="(0,0,140,30)"/>
          <events title="">
            <event eventType="atClick" isChecked="True">
              <behaviour title="" isChecked="True" isWait="False" isLoop="False" execMode="emParallel">
                <target targetID="9E7FE9EF-7384-4228-BC64-B9D78481EA31" isChecked="True" isAutoRecovery="False" isLoop="False" execMode="emSequence">
                  <command name="Popup State Change" isChecked="True" descrition="">
                    <param name="AniInterpolation" value="0" varType="3" description=""/>
                    <param name="AniDuration" value="200" varType="3" description=""/>
                    <param name="AniAutoReverse" value="False" varType="11" description=""/>
                    <param name="AniLoop" value="False" varType="11" description=""/>
                    <param name="AniInterpolationTypeOut" value="False" varType="11" description=""/>
                    <param name="Delay" value="0" varType="3" description=""/>
                    <param name="Value" value="2" varType="3" description=""/>
                    <param name="AniType" value="0" varType="3" description=""/>
                  </command>
                </target>
              </behaviour>
            </event>
          </events>
        </entry>
      </interactiveData>
      <font family="Segoe+UI" displayName="Segoe+UI" postScript="" weightStyle="Regular" weight="400" isBold="False" isItalic="False" useDefaultFontFamily="False"/>
      <text>SUBSCRIBE</text>
      <textColor>4294967295</textColor>
      <textSize>18</textSize>
      <lineSpacing>0</lineSpacing>
      <useDefaultTextSize>False</useDefaultTextSize>
      <selectedIndex>-1</selectedIndex>
      <radius>100</radius>
      <radiusIsPercent>True</radiusIsPercent>
    </control>
    <control controlID="EA363792-879E-4CBC-933F-CA140EF918BB" controlTypeID="Button" x="299" y="1091" w="140" h="30" zOrder="64">
      <states>
        <state propName="Color" stateType="state_mouseOver" isChecked="True" value="3854383616" varType="20"/>
      </states>
      <color>4290591232</color>
      <interactiveData>
        <entry title="">
          <area shape="0" alt="" ID="{72828B66-318C-4145-A367-896E55D908DD}" coords="(0,0,140,30)"/>
          <events title="">
            <event eventType="atClick" isChecked="True">
              <behaviour title="" isChecked="True" isWait="False" isLoop="False" execMode="emParallel">
                <target targetID="9E7FE9EF-7384-4228-BC64-B9D78481EA31" isChecked="True" isAutoRecovery="False" isLoop="False" execMode="emSequence">
                  <command name="Popup State Change" isChecked="True" descrition="">
                    <param name="AniInterpolation" value="0" varType="3" description=""/>
                    <param name="AniDuration" value="200" varType="3" description=""/>
                    <param name="AniAutoReverse" value="False" varType="11" description=""/>
                    <param name="AniLoop" value="False" varType="11" description=""/>
                    <param name="AniInterpolationTypeOut" value="False" varType="11" description=""/>
                    <param name="Delay" value="0" varType="3" description=""/>
                    <param name="Value" value="2" varType="3" description=""/>
                    <param name="AniType" value="0" varType="3" description=""/>
                  </command>
                </target>
              </behaviour>
            </event>
          </events>
        </entry>
      </interactiveData>
      <font family="Segoe+UI" displayName="Segoe+UI" postScript="" weightStyle="Regular" weight="400" isBold="False" isItalic="False" useDefaultFontFamily="False"/>
      <text>SUBSCRIBE</text>
      <textColor>4294967295</textColor>
      <textSize>18</textSize>
      <lineSpacing>0</lineSpacing>
      <useDefaultTextSize>False</useDefaultTextSize>
      <selectedIndex>-1</selectedIndex>
      <radius>100</radius>
      <radiusIsPercent>True</radiusIsPercent>
    </control>
    <control controlID="14A7C412-1EE5-4888-88E0-DCB48292DD4C" controlTypeID="Button" x="299" y="1284" w="140" h="30" zOrder="65">
      <states>
        <state propName="Color" stateType="state_mouseOver" isChecked="True" value="3854383616" varType="20"/>
      </states>
      <color>4290591232</color>
      <interactiveData>
        <entry title="">
          <area shape="0" alt="" ID="{DAA74DDD-7034-47EF-8761-F38FDF4A3259}" coords="(0,0,140,30)"/>
          <events title="">
            <event eventType="atClick" isChecked="True">
              <behaviour title="" isChecked="True" isWait="False" isLoop="False" execMode="emParallel">
                <target targetID="9E7FE9EF-7384-4228-BC64-B9D78481EA31" isChecked="True" isAutoRecovery="False" isLoop="False" execMode="emSequence">
                  <command name="Popup State Change" isChecked="True" descrition="">
                    <param name="AniInterpolation" value="0" varType="3" description=""/>
                    <param name="AniDuration" value="200" varType="3" description=""/>
                    <param name="AniAutoReverse" value="False" varType="11" description=""/>
                    <param name="AniLoop" value="False" varType="11" description=""/>
                    <param name="AniInterpolationTypeOut" value="False" varType="11" description=""/>
                    <param name="Delay" value="0" varType="3" description=""/>
                    <param name="Value" value="2" varType="3" description=""/>
                    <param name="AniType" value="0" varType="3" description=""/>
                  </command>
                </target>
              </behaviour>
            </event>
          </events>
        </entry>
      </interactiveData>
      <font family="Segoe+UI" displayName="Segoe+UI" postScript="" weightStyle="Regular" weight="400" isBold="False" isItalic="False" useDefaultFontFamily="False"/>
      <text>SUBSCRIBE</text>
      <textColor>4294967295</textColor>
      <textSize>18</textSize>
      <lineSpacing>0</lineSpacing>
      <useDefaultTextSize>False</useDefaultTextSize>
      <selectedIndex>-1</selectedIndex>
      <radius>100</radius>
      <radiusIsPercent>True</radiusIsPercent>
    </control>
    <control controlID="5A44013D-D262-4C21-817C-176BE0A37A4D" controlTypeID="Button" x="933" y="896" w="140" h="30" zOrder="66">
      <states>
        <state propName="Color" stateType="state_mouseOver" isChecked="True" value="3854383616" varType="20"/>
      </states>
      <color>4290591232</color>
      <interactiveData>
        <entry title="">
          <area shape="0" alt="" ID="{44D5DA04-D775-4471-B7A1-0217CD3AF284}" coords="(0,0,140,30)"/>
          <events title="">
            <event eventType="atClick" isChecked="True">
              <behaviour title="" isChecked="True" isWait="False" isLoop="False" execMode="emParallel">
                <target targetID="9E7FE9EF-7384-4228-BC64-B9D78481EA31" isChecked="True" isAutoRecovery="False" isLoop="False" execMode="emSequence">
                  <command name="Popup State Change" isChecked="True" descrition="">
                    <param name="AniInterpolation" value="0" varType="3" description=""/>
                    <param name="AniDuration" value="200" varType="3" description=""/>
                    <param name="AniAutoReverse" value="False" varType="11" description=""/>
                    <param name="AniLoop" value="False" varType="11" description=""/>
                    <param name="AniInterpolationTypeOut" value="False" varType="11" description=""/>
                    <param name="Delay" value="0" varType="3" description=""/>
                    <param name="Value" value="2" varType="3" description=""/>
                    <param name="AniType" value="0" varType="3" description=""/>
                  </command>
                </target>
              </behaviour>
            </event>
          </events>
        </entry>
      </interactiveData>
      <font family="Segoe+UI" displayName="Segoe+UI" postScript="" weightStyle="Regular" weight="400" isBold="False" isItalic="False" useDefaultFontFamily="False"/>
      <text>SUBSCRIBE</text>
      <textColor>4294967295</textColor>
      <textSize>18</textSize>
      <lineSpacing>0</lineSpacing>
      <useDefaultTextSize>False</useDefaultTextSize>
      <selectedIndex>-1</selectedIndex>
      <radius>100</radius>
      <radiusIsPercent>True</radiusIsPercent>
    </control>
    <control controlID="2EF7A43B-2223-4EFF-AF47-C2FCE57AD713" controlTypeID="Button" x="933" y="1091" w="140" h="30" zOrder="67">
      <states>
        <state propName="Color" stateType="state_mouseOver" isChecked="True" value="3854383616" varType="20"/>
      </states>
      <color>4290591232</color>
      <interactiveData>
        <entry title="">
          <area shape="0" alt="" ID="{E976C055-25A0-4B16-AE0D-23630C2C63E0}" coords="(0,0,140,30)"/>
          <events title="">
            <event eventType="atClick" isChecked="True">
              <behaviour title="" isChecked="True" isWait="False" isLoop="False" execMode="emParallel">
                <target targetID="9E7FE9EF-7384-4228-BC64-B9D78481EA31" isChecked="True" isAutoRecovery="False" isLoop="False" execMode="emSequence">
                  <command name="Popup State Change" isChecked="True" descrition="">
                    <param name="AniInterpolation" value="0" varType="3" description=""/>
                    <param name="AniDuration" value="200" varType="3" description=""/>
                    <param name="AniAutoReverse" value="False" varType="11" description=""/>
                    <param name="AniLoop" value="False" varType="11" description=""/>
                    <param name="AniInterpolationTypeOut" value="False" varType="11" description=""/>
                    <param name="Delay" value="0" varType="3" description=""/>
                    <param name="Value" value="2" varType="3" description=""/>
                    <param name="AniType" value="0" varType="3" description=""/>
                  </command>
                </target>
              </behaviour>
            </event>
          </events>
        </entry>
      </interactiveData>
      <font family="Segoe+UI" displayName="Segoe+UI" postScript="" weightStyle="Regular" weight="400" isBold="False" isItalic="False" useDefaultFontFamily="False"/>
      <text>SUBSCRIBE</text>
      <textColor>4294967295</textColor>
      <textSize>18</textSize>
      <lineSpacing>0</lineSpacing>
      <useDefaultTextSize>False</useDefaultTextSize>
      <selectedIndex>-1</selectedIndex>
      <radius>100</radius>
      <radiusIsPercent>True</radiusIsPercent>
    </control>
    <control controlID="DB1F4AA1-640E-477C-9882-E00BCDB366AB" controlTypeID="Button" x="933" y="1284" w="140" h="30" zOrder="68">
      <states>
        <state propName="Color" stateType="state_mouseOver" isChecked="True" value="3854383616" varType="20"/>
      </states>
      <color>4290591232</color>
      <interactiveData>
        <entry title="">
          <area shape="0" alt="" ID="{043DE915-4538-4094-BEE6-3A3B4D1845A5}" coords="(0,0,140,30)"/>
          <events title="">
            <event eventType="atClick" isChecked="True">
              <behaviour title="" isChecked="True" isWait="False" isLoop="False" execMode="emParallel">
                <target targetID="9E7FE9EF-7384-4228-BC64-B9D78481EA31" isChecked="True" isAutoRecovery="False" isLoop="False" execMode="emSequence">
                  <command name="Popup State Change" isChecked="True" descrition="">
                    <param name="AniInterpolation" value="0" varType="3" description=""/>
                    <param name="AniDuration" value="200" varType="3" description=""/>
                    <param name="AniAutoReverse" value="False" varType="11" description=""/>
                    <param name="AniLoop" value="False" varType="11" description=""/>
                    <param name="AniInterpolationTypeOut" value="False" varType="11" description=""/>
                    <param name="Delay" value="0" varType="3" description=""/>
                    <param name="Value" value="2" varType="3" description=""/>
                    <param name="AniType" value="0" varType="3" description=""/>
                  </command>
                </target>
              </behaviour>
            </event>
          </events>
        </entry>
      </interactiveData>
      <font family="Segoe+UI" displayName="Segoe+UI" postScript="" weightStyle="Regular" weight="400" isBold="False" isItalic="False" useDefaultFontFamily="False"/>
      <text>SUBSCRIBE</text>
      <textColor>4294967295</textColor>
      <textSize>18</textSize>
      <lineSpacing>0</lineSpacing>
      <useDefaultTextSize>False</useDefaultTextSize>
      <selectedIndex>-1</selectedIndex>
      <radius>100</radius>
      <radiusIsPercent>True</radiusIsPercent>
    </control>
    <control controlID="9E7FE9EF-7384-4228-BC64-B9D78481EA31" controlTypeID="PopupPanel" x="482" y="697" w="46" h="46" zOrder="69">
      <groupChildrenDescriptors>
        <control controlID="C484E850-3B1D-4F62-B94C-37E1A31A8594" controlTypeID="Panel" x="0" y="0" w="1400" h="1450" zOrder="0">
          <locked>True</locked>
          <color>1879048192</color>
          <borderVisible>False</borderVisible>
          <canMove>False</canMove>
          <alias>background</alias>
          <groupChildrenDescriptors>
            <control controlID="D66D2B2D-D6FB-4C18-9A4F-1B5CC2BA44A2" controlTypeID="Border" x="0" y="0" w="1400" h="1450" zOrder="0">
              <borderVisible>False</borderVisible>
              <alias>borderLayer</alias>
            </control>
          </groupChildrenDescriptors>
          <thinkness>1</thinkness>
        </control>
        <control controlID="DD0172D5-E57E-4B08-89ED-2B9395034125" controlTypeID="PopupPanelContent" x="24" y="76" w="1012" h="976" zOrder="1">
          <color>16777215</color>
          <alias>content</alias>
          <groupChildrenDescriptors>
            <control controlID="B7D7D4AA-3D89-4AC1-BB92-989A01CC5D54" controlTypeID="Panel" x="438" y="654" w="574" h="322" zOrder="0">
              <groupChildrenDescriptors>
                <control controlID="43AAE9B2-2DFE-4AD1-86C5-2AD249FBE307" controlTypeID="Label" x="52" y="18" w="156" h="54" zOrder="0">
                  <font family="Segoe+UI" displayName="Segoe+UI" postScript="" weightStyle="Regular" weight="400" isBold="False" isItalic="False"/>
                  <text>Get+Alert</text>
                  <textColor>4288217292</textColor>
                  <textSize>40</textSize>
                  <lineSpacing>0</lineSpacing>
                  <useDefaultTextSize>False</useDefaultTextSize>
                  <selectedIndex>-1</selectedIndex>
                </control>
                <control controlID="E604247E-057C-4F47-9A81-7611B25FD07D" controlTypeID="Line" x="30" y="78" w="201" h="4" zOrder="1">
                  <font family="Segoe+UI" displayName="Segoe+UI" postScript="" weightStyle="Regular" weight="400" isBold="False" isItalic="False"/>
                  <textSize>28</textSize>
                  <lineSpacing>0</lineSpacing>
                  <selectedIndex>-1</selectedIndex>
                  <controlPoint>(101,2)</controlPoint>
                  <startPoint>(2,2)</startPoint>
                  <endPoint>(200,2)</endPoint>
                  <thickness>4</thickness>
                </control>
                <control controlID="B5D1AADD-56BA-4594-889D-6FFA4429E51B" controlTypeID="Button" x="232" y="236" w="110" h="48" zOrder="2">
                  <color>4290591232</color>
                  <links eventType="AtClick" animate="AmNone" animateAutoDelay="0" animateDuration="500">
                    <link targetPageID="BD193AFF-70A0-41C2-A87E-D5AA02699736" linkType="ltPageLink" isApplyIncludePage="False" title="My+Artist">
                      <area shape="0" alt="" ID="{B367BF6D-FAA7-492C-BCD4-D24CC18D8E9D}" coords="(0,0,110,48)"/>
                    </link>
                  </links>
                  <interactiveData>
                    <entry title="">
                      <area shape="0" alt="" ID="{0F44290F-87E7-4376-9112-A06EB17AD434}" coords="(0,0,110,48)"/>
                      <events title="">
                        <event eventType="atClick" isChecked="True">
                          <behaviour title="" isChecked="True" isWait="False" isLoop="False" execMode="emParallel">
                            <target targetID="B7D7D4AA-3D89-4AC1-BB92-989A01CC5D54" isChecked="True" isAutoRecovery="False" isLoop="False" execMode="emSequence">
                              <command name="Resize" isChecked="True" descrition="">
                                <param name="AniInterpolation" value="1" varType="3" description=""/>
                                <param name="AniDuration" value="200" varType="3" description=""/>
                                <param name="AniAutoReverse" value="False" varType="11" description=""/>
                                <param name="AniLoop" value="False" varType="11" description=""/>
                                <param name="AniInterpolationTypeOut" value="False" varType="11" description=""/>
                                <param name="Delay" value="0" varType="3" description=""/>
                                <param name="ValueFromCurrent" value="True" varType="11" description=""/>
                                <param name="ResizeDirection" value="0" varType="3" description=""/>
                                <param name="ValueMode" value="0" varType="3" description=""/>
                                <param name="FromWidth" value="0" varType="3" description=""/>
                                <param name="FromHeight" value="0" varType="3" description=""/>
                                <param name="ToWidth" value="0" varType="3" description=""/>
                                <param name="ToHeight" value="0" varType="3" description=""/>
                                <param name="ToX" value="0" varType="3" description=""/>
                                <param name="ToY" value="0" varType="3" description=""/>
                                <param name="TerminateLoopByClick" value="True" varType="11" description=""/>
                              </command>
                            </target>
                          </behaviour>
                        </event>
                      </events>
                    </entry>
                  </interactiveData>
                  <font family="Segoe+UI" displayName="Segoe+UI" postScript="" weightStyle="Regular" weight="400" isBold="False" isItalic="False" useDefaultFontFamily="False"/>
                  <text>OK</text>
                  <textColor>4294967295</textColor>
                  <textSize>18</textSize>
                  <lineSpacing>0</lineSpacing>
                  <useDefaultTextSize>False</useDefaultTextSize>
                  <selectedIndex>-1</selectedIndex>
                  <radius>100</radius>
                  <radiusIsPercent>True</radiusIsPercent>
                </control>
                <control controlID="68971A91-F5F1-4337-8B02-C6DA2D393055" controlTypeID="Border" x="0" y="0" w="574" h="322" zOrder="3">
                  <alias>borderLayer</alias>
                </control>
              </groupChildrenDescriptors>
              <thinkness>1</thinkness>
            </control>
            <control controlID="FABF71E7-894C-41BD-A8C3-11A4AA2131ED" controlTypeID="Label" x="190" y="784" w="63" h="38" zOrder="1">
              <font family="Segoe+UI" displayName="Segoe+UI" postScript="" weightStyle="Regular" weight="400" isBold="False" isItalic="False"/>
              <text>Label</text>
              <textSize>28</textSize>
              <lineSpacing>0</lineSpacing>
              <selectedIndex>-1</selectedIndex>
            </control>
            <control controlID="5F8B7540-D221-40CE-8920-AB075485FEF6" controlTypeID="Label" x="0" y="0" w="63" h="38" zOrder="2">
              <font family="Segoe+UI" displayName="Segoe+UI" postScript="" weightStyle="Regular" weight="400" isBold="False" isItalic="False"/>
              <text>Label</text>
              <textSize>28</textSize>
              <lineSpacing>0</lineSpacing>
              <selectedIndex>-1</selectedIndex>
            </control>
            <control controlID="8B814A9D-4952-4130-B112-373623CD349A" controlTypeID="TextArea" x="460" y="748" w="474" h="124" zOrder="3">
              <font family="Segoe+UI" displayName="Segoe+UI" postScript="" weightStyle="Regular" weight="400" isBold="False" isItalic="False"/>
              <text>You+will+get+notifications+about+news%2C+concert%2C+new%2Fupcoming+releases+and+sales%2Fpromotions+</text>
              <textColor>4288230297</textColor>
              <textSize>28</textSize>
              <selectedIndex>-1</selectedIndex>
            </control>
          </groupChildrenDescriptors>
        </control>
      </groupChildrenDescriptors>
    </control>
  </controls>
  <param>
    <backgroundColor>4293190884</backgroundColor>
    <fontSize>28</fontSize>
    <fontFamily>Segoe+UI</fontFamily>
    <guideLines>
      <guideLine isLocked="False" isHori="True" value="24"/>
      <guideLine isLocked="False" isHori="True" value="1376"/>
      <guideLine isLocked="False" isHori="False" value="40"/>
      <guideLine isLocked="False" isHori="False" value="1000"/>
      <guideLine isLocked="False" isHori="True" value="728"/>
      <guideLine isLocked="False" isHori="False" value="76"/>
      <guideLine isLocked="False" isHori="True" value="888"/>
      <guideLine isLocked="False" isHori="True" value="1224"/>
    </guideLines>
  </param>
</mockup>