﻿<mockup version="5.3" minAllowVersion="5.3" ID="D639310A-16BF-4432-AA5C-140F25963633" platform="MtWeb" defaultW="1400" defaultH="1450" measureW="1400" measureH="1450" mobileScreenScale="0">
  <controls controlCount="37">
    <control controlID="16EDBB9F-8B91-4B60-87D8-B70E9677D6E9" controlTypeID="Shape" x="0" y="1867" w="1400" h="633" zOrder="0">
      <locked>True</locked>
      <color>4294177779</color>
      <borderColor>4281808953</borderColor>
      <borderVisible>False</borderVisible>
      <font family="Segoe+UI" displayName="Segoe+UI" postScript="" weightStyle="Regular" weight="400" isBold="False" isItalic="False"/>
      <textSize>28</textSize>
      <selectedIndex>-1</selectedIndex>
    </control>
    <control controlID="EB177091-2EBD-4841-A999-F98782B4007B" controlTypeID="Label" x="524" y="93" w="383" h="96" zOrder="1">
      <font family="Segoe+UI" displayName="Segoe+UI" postScript="" weightStyle="Regular" weight="400" isBold="False" isItalic="False"/>
      <text>Talent+Scout</text>
      <textColor>4281545523</textColor>
      <textSize>72</textSize>
      <lineSpacing>0</lineSpacing>
      <useDefaultTextSize>False</useDefaultTextSize>
      <selectedIndex>-1</selectedIndex>
    </control>
    <control controlID="38E54377-566A-4C85-BB09-0C5C457C17BE" controlTypeID="TextArea" x="314" y="214" w="771" h="36" zOrder="2">
      <font family="Segoe+UI" displayName="Segoe+UI" postScript="" weightStyle="Regular" weight="400" isBold="False" isItalic="False"/>
      <text>Music+To+Live</text>
      <textColor>4284900966</textColor>
      <textSize>28</textSize>
      <textAlign>HaCenter</textAlign>
      <useDefaultTextSize>False</useDefaultTextSize>
      <selectedIndex>-1</selectedIndex>
    </control>
    <control controlID="D145464C-AB49-4E06-BA66-F722D50A346A" controlTypeID="Image" x="30" y="53" w="96" h="30" zOrder="3">
      <caption>logo</caption>
      <interactiveData>
        <entry title="">
          <area shape="0" alt="" ID="{CD2E80EB-2303-44FA-BBFD-CED1734A6D52}" coords="(0,0,96,30)"/>
          <events title="">
            <event eventType="atClick" isChecked="True">
              <behaviour title="" isChecked="True" isWait="False" isLoop="False" execMode="emParallel">
                <target targetID="B9B118DA-C3B1-46A8-BAA7-68BD2CA1E8F7" isChecked="True" isAutoRecovery="False" isLoop="False" execMode="emSequence">
                  <command name="Set Text Color" isChecked="True" descrition="">
                    <param name="AniInterpolation" value="0" varType="3" description=""/>
                    <param name="AniDuration" value="200" varType="3" description=""/>
                    <param name="AniAutoReverse" value="False" varType="11" description=""/>
                    <param name="AniLoop" value="False" varType="11" description=""/>
                    <param name="AniInterpolationTypeOut" value="False" varType="11" description=""/>
                    <param name="Delay" value="0" varType="3" description=""/>
                    <param name="FromValue" value="0" varType="20" description=""/>
                    <param name="ToValue" value="4294967040" varType="20" description=""/>
                  </command>
                </target>
              </behaviour>
            </event>
          </events>
        </entry>
      </interactiveData>
    </control>
    <control controlID="739415E0-0B25-47EC-AF19-21EC63B9F572" controlTypeID="HRule" x="0" y="864" w="1400" h="12" zOrder="4">
      <color>4292730333</color>
      <thickness>1</thickness>
    </control>
    <control controlID="5242B83E-E32A-413D-8E84-BA94E867ABF2" controlTypeID="Icon" x="816" y="450" w="74" h="74" zOrder="5">
      <color>4290493371</color>
      <icon>
        <ID/>
        <iconFontName>jdFontCustom</iconFontName>
        <iconCode>61795</iconCode>
      </icon>
      <URL>452A1108CEAE2C044CFCAF610C27E444.svg</URL>
    </control>
    <control controlID="ED65127B-BF9D-4A26-8281-F64845FAAFA7" controlTypeID="Master" x="125" y="2108" w="50" h="50" zOrder="6" masterID="9CE81536-19B9-4DD0-BD4B-CE350C6EE477">
      <groupChildrenDescriptors/>
    </control>
    <control controlID="B9B118DA-C3B1-46A8-BAA7-68BD2CA1E8F7" controlTypeID="Label" x="400" y="50" w="79" h="38" zOrder="7">
      <font family="Segoe+UI" displayName="Segoe+UI" postScript="" weightStyle="Regular" weight="400" isBold="False" isItalic="False"/>
      <text>HOME</text>
      <textSize>28</textSize>
      <lineSpacing>0</lineSpacing>
      <useDefaultTextSize>False</useDefaultTextSize>
      <selectedIndex>-1</selectedIndex>
    </control>
    <control controlID="55E1990B-5450-4FBF-9954-2C08AEA8D756" controlTypeID="Label" x="528" y="50" w="133" h="38" zOrder="8">
      <links eventType="AtClick" animate="AmNone" animateAutoDelay="0" animateDuration="500">
        <link targetPageID="BD193AFF-70A0-41C2-A87E-D5AA02699736" linkType="ltPageLink" isApplyIncludePage="False" title="Artist">
          <area shape="0" alt="" ID="{23788909-3B6D-437C-B4D6-7E0C922F59D5}" coords="(0,0,133,38)"/>
        </link>
      </links>
      <font family="Segoe+UI" displayName="Segoe+UI" postScript="" weightStyle="Regular" weight="400" isBold="False" isItalic="False"/>
      <text>MY+ARTIST</text>
      <textSize>28</textSize>
      <lineSpacing>0</lineSpacing>
      <useDefaultTextSize>False</useDefaultTextSize>
      <selectedIndex>-1</selectedIndex>
    </control>
    <control controlID="024AEBFF-845A-4F26-A9CA-F53BA8B7E9A5" controlTypeID="Label" x="689" y="50" w="165" h="38" zOrder="9">
      <font family="Segoe+UI" displayName="Segoe+UI" postScript="" weightStyle="Regular" weight="400" isBold="False" isItalic="False"/>
      <text>MY+STREAMS</text>
      <textSize>28</textSize>
      <lineSpacing>0</lineSpacing>
      <selectedIndex>-1</selectedIndex>
    </control>
    <control controlID="D35DB238-6386-485F-89CA-AD3B9967E476" controlTypeID="Label" x="885" y="49" w="151" h="38" zOrder="10">
      <font family="Segoe+UI" displayName="Segoe+UI" postScript="" weightStyle="Regular" weight="400" isBold="False" isItalic="False"/>
      <text>MY+SHOUTS</text>
      <textSize>28</textSize>
      <lineSpacing>0</lineSpacing>
      <useDefaultTextSize>False</useDefaultTextSize>
      <selectedIndex>-1</selectedIndex>
    </control>
    <control controlID="CA2E165E-BAB5-4887-A223-EAF396DBCDFF" controlTypeID="Shape" x="0" y="2409" w="1400" h="91" zOrder="11">
      <color>4289638062</color>
      <font family="Segoe+UI" displayName="Segoe+UI" postScript="" weightStyle="Regular" weight="400" isBold="False" isItalic="False"/>
      <textColor>4289638062</textColor>
      <textSize>28</textSize>
      <selectedIndex>-1</selectedIndex>
    </control>
    <control controlID="0E420423-695A-4046-96B9-F2FCA15913C4" controlTypeID="BreadCrumbs" x="58" y="394" w="153" h="38" zOrder="12">
      <font family="Segoe+UI" displayName="Segoe+UI" postScript="" weightStyle="Regular" weight="400" isBold="False" isItalic="False"/>
      <text>Home%2CLogin</text>
      <textSize>28</textSize>
      <lineSpacing>0</lineSpacing>
      <useDefaultTextSize>False</useDefaultTextSize>
    </control>
    <control controlID="72768340-317B-4812-A308-8CEFE7F1ED4C" controlTypeID="Line" x="-2" y="368" w="1402" h="1" zOrder="13">
      <font family="Segoe+UI" displayName="Segoe+UI" postScript="" weightStyle="Regular" weight="400" isBold="False" isItalic="False"/>
      <textSize>28</textSize>
      <lineSpacing>0</lineSpacing>
      <selectedIndex>-1</selectedIndex>
      <controlPoint>(701,0)</controlPoint>
      <startPoint>(0,0)</startPoint>
      <endPoint>(1402,0)</endPoint>
    </control>
    <control controlID="B3F573EC-163E-4633-90ED-EC350C72AAD3" controlTypeID="Master" x="0" y="1409" w="1400" h="91" zOrder="14" masterID="24338112-78F9-4D38-8F21-F0FAFA2D27E7">
      <groupChildrenDescriptors>
        <control controlID="EB3DE942-3432-44C4-8BC5-EF8D3C830EC3" controlTypeID="__group__" x="0" y="0" w="1400" h="91" zOrder="0">
          <groupChildrenDescriptors>
            <control controlID="24E69002-9064-4C1E-822F-3DA66A79EB30" controlTypeID="Shape" x="0" y="0" w="1400" h="91" zOrder="0">
              <color>4289638062</color>
              <font family="" displayName="%E5%BE%AE%E8%BD%AF%E9%9B%85%E9%BB%91" postScript="" weightStyle="Regular" weight="400" isBold="False" isItalic="False"/>
              <textColor>4289638062</textColor>
              <textSize>14</textSize>
              <selectedIndex>-1</selectedIndex>
            </control>
            <control controlID="8DDB5095-99A1-4557-A179-6CBF045815B3" controlTypeID="Label" x="1124" y="38" w="88" h="27" zOrder="1">
              <font family="" displayName="%E5%BE%AE%E8%BD%AF%E9%9B%85%E9%BB%91" postScript="" weightStyle="Regular" weight="400" isBold="False" isItalic="False"/>
              <text>Follow+Us%3A</text>
              <textSize>20</textSize>
              <lineSpacing>0</lineSpacing>
              <useDefaultTextSize>False</useDefaultTextSize>
              <selectedIndex>-1</selectedIndex>
            </control>
            <control controlID="656B1C83-F367-4C99-82AC-A1A42FA8E4EA" controlTypeID="Label" x="45" y="38" w="369" h="27" zOrder="2">
              <color>16777215</color>
              <font family="" displayName="%E5%BE%AE%E8%BD%AF%E9%9B%85%E9%BB%91" postScript="" weightStyle="Regular" weight="400" isBold="False" isItalic="False"/>
              <text>%C2%A9+2018+J2SM+Software+All+rights+reserved.</text>
              <textSize>20</textSize>
              <textAlign>HaCenter</textAlign>
              <lineSpacing>0</lineSpacing>
              <useDefaultTextSize>False</useDefaultTextSize>
              <selectedIndex>-1</selectedIndex>
            </control>
            <control controlID="172670BE-8FF2-490F-8FA2-99681F8D8CF6" controlTypeID="Icon" x="1276" y="40" w="24" h="24" zOrder="3">
              <states>
                <state propName="Color" stateType="state_mouseOver" isChecked="True" value="4291611852" varType="20"/>
              </states>
              <color>4278229503</color>
              <icon>
                <ID/>
                <iconFontName>jdFontAwesome</iconFontName>
                <iconCode>61570</iconCode>
              </icon>
              <URL>4CEBA48D845888E06C868951A5E1A875.svg</URL>
            </control>
            <control controlID="ABBBDBC9-F016-40B2-8ACA-BF2945027A39" controlTypeID="Icon" x="1317" y="40" w="24" h="24" zOrder="4">
              <states>
                <state propName="Color" stateType="state_mouseOver" isChecked="True" value="4291611852" varType="20"/>
              </states>
              <color>4281571839</color>
              <icon>
                <ID/>
                <iconFontName>jdFontAwesome</iconFontName>
                <iconCode>61569</iconCode>
              </icon>
              <URL>520A776503D70E7FC53BE8D209CC96C1.svg</URL>
            </control>
            <control controlID="022705E4-69F4-40F2-968F-F896BE2EF697" controlTypeID="Icon" x="1356" y="40" w="24" h="24" zOrder="5">
              <states>
                <state propName="Color" stateType="state_mouseOver" isChecked="True" value="4291611852" varType="20"/>
              </states>
              <color>4290591232</color>
              <icon>
                <ID/>
                <iconFontName>jdFontAwesome</iconFontName>
                <iconCode>61652</iconCode>
              </icon>
              <URL>282331BE75C40FB6D299F787B7BFD38F.svg</URL>
            </control>
            <control controlID="2E0EB2DD-8520-463E-B22C-9B646FA3D896" controlTypeID="Icon" x="1232" y="38" w="28" h="28" zOrder="6">
              <states>
                <state propName="Color" stateType="state_mouseOver" isChecked="True" value="4291611852" varType="20"/>
              </states>
              <color>4290591232</color>
              <icon>
                <ID/>
                <iconFontName>jdIonicons</iconFontName>
                <iconCode>62029</iconCode>
              </icon>
              <URL>4529DADA0AD1F8BF89E5709239A0C3BD.svg</URL>
            </control>
          </groupChildrenDescriptors>
        </control>
      </groupChildrenDescriptors>
    </control>
    <control controlID="D6E0F54F-A48D-4F48-BFD2-6A62B2B6D214" controlTypeID="Label" x="900" y="470" w="95" h="54" zOrder="15">
      <font family="Segoe+UI" displayName="Segoe+UI" postScript="" weightStyle="Regular" weight="400" isBold="False" isItalic="False"/>
      <text>Login+</text>
      <textSize>40</textSize>
      <lineSpacing>0</lineSpacing>
      <useDefaultTextSize>False</useDefaultTextSize>
      <selectedIndex>-1</selectedIndex>
    </control>
    <control controlID="25870F5A-62F3-41B5-9CD4-6432E9E075AD" controlTypeID="Label" x="1017" y="470" w="229" h="54" zOrder="16">
      <font family="Segoe+UI" displayName="Segoe+UI" postScript="" weightStyle="Regular" weight="400" isBold="False" isItalic="False"/>
      <text>your+account</text>
      <textColor>4288230297</textColor>
      <textSize>40</textSize>
      <lineSpacing>0</lineSpacing>
      <useDefaultTextSize>False</useDefaultTextSize>
      <selectedIndex>-1</selectedIndex>
    </control>
    <control controlID="9A72ECAE-4720-4EA0-8183-613A3DFB1D19" controlTypeID="Panel" x="812" y="561" w="474" h="747" zOrder="17">
      <color>4294111986</color>
      <groupChildrenDescriptors>
        <control controlID="073AB5D6-86FA-4FA2-99B6-6CFB6B05E5B4" controlTypeID="Line" x="92" y="227" w="300" h="2" zOrder="0">
          <font family="Segoe+UI" displayName="Segoe+UI" postScript="" weightStyle="Regular" weight="400" isBold="False" isItalic="False"/>
          <textSize>28</textSize>
          <lineSpacing>0</lineSpacing>
          <selectedIndex>-1</selectedIndex>
          <controlPoint>(150,1)</controlPoint>
          <startPoint>(1,1)</startPoint>
          <endPoint>(300,1)</endPoint>
        </control>
        <control controlID="8614EDEA-11F9-42C3-A0D0-A72DC37B0BB6" controlTypeID="Label" x="43" y="157" w="123" h="38" zOrder="1">
          <font family="Segoe+UI" displayName="Segoe+UI" postScript="" weightStyle="Regular" weight="400" isBold="False" isItalic="False"/>
          <text>Username+</text>
          <textColor>2147483648</textColor>
          <textSize>28</textSize>
          <lineSpacing>0</lineSpacing>
          <useDefaultTextSize>False</useDefaultTextSize>
          <selectedIndex>-1</selectedIndex>
        </control>
        <control controlID="611686B1-E2C6-4E5A-B646-EA7787A821E8" controlTypeID="Label" x="42" y="288" w="116" h="38" zOrder="2">
          <font family="Segoe+UI" displayName="Segoe+UI" postScript="" weightStyle="Regular" weight="400" isBold="False" isItalic="False"/>
          <text>Paasword</text>
          <textColor>2147483648</textColor>
          <textSize>28</textSize>
          <lineSpacing>0</lineSpacing>
          <useDefaultTextSize>False</useDefaultTextSize>
          <selectedIndex>-1</selectedIndex>
        </control>
        <control controlID="DD40B8C4-D4E2-475D-AF57-8203D105E16B" controlTypeID="Line" x="92" y="370" w="300" h="2" zOrder="3">
          <font family="Segoe+UI" displayName="Segoe+UI" postScript="" weightStyle="Regular" weight="400" isBold="False" isItalic="False"/>
          <textSize>28</textSize>
          <lineSpacing>0</lineSpacing>
          <selectedIndex>-1</selectedIndex>
          <controlPoint>(150,1)</controlPoint>
          <startPoint>(1,1)</startPoint>
          <endPoint>(300,1)</endPoint>
        </control>
        <control controlID="C0D2D7DB-0F5F-42B9-852E-32746B35F2A4" controlTypeID="Label" x="232" y="406" w="186" h="32" zOrder="4">
          <font family="Segoe+UI" displayName="Segoe+UI" postScript="" weightStyle="Regular" weight="400" isBold="False" isItalic="False"/>
          <text>Forget+password%3F</text>
          <textColor>4288217292</textColor>
          <textSize>24</textSize>
          <lineSpacing>0</lineSpacing>
          <useDefaultTextSize>False</useDefaultTextSize>
          <selectedIndex>-1</selectedIndex>
        </control>
        <control controlID="2ADA10AF-2E28-4FAA-8E30-DCEBBF5E9521" controlTypeID="Button" x="278" y="654" w="132" h="43" zOrder="5">
          <states>
            <state propName="Color" stateType="state_mouseOver" isChecked="True" value="3854383616" varType="20"/>
          </states>
          <color>4290591232</color>
          <font family="Segoe+UI" displayName="Segoe+UI" postScript="" weightStyle="Regular" weight="400" isBold="False" isItalic="False" useDefaultFontFamily="False"/>
          <text>Google</text>
          <textColor>4294967295</textColor>
          <textSize>24</textSize>
          <lineSpacing>0</lineSpacing>
          <useDefaultTextSize>False</useDefaultTextSize>
          <selectedIndex>-1</selectedIndex>
          <radius>100</radius>
          <radiusIsPercent>True</radiusIsPercent>
        </control>
        <control controlID="93E48DF6-EF8A-40DC-8F8A-5C7A114F6203" controlTypeID="Button" x="42" y="653" w="132" h="45" zOrder="6">
          <color>3120562431</color>
          <borderVisible>False</borderVisible>
          <font family="Segoe+UI" displayName="Segoe+UI" postScript="" weightStyle="Regular" weight="400" isBold="False" isItalic="False" useDefaultFontFamily="False"/>
          <text>Facebook</text>
          <textColor>4294967295</textColor>
          <textSize>24</textSize>
          <lineSpacing>0</lineSpacing>
          <useDefaultTextSize>False</useDefaultTextSize>
          <selectedIndex>-1</selectedIndex>
          <radius>100</radius>
          <radiusIsPercent>True</radiusIsPercent>
        </control>
        <control controlID="2D2E408F-6561-4A66-98F7-FC2AE9490F79" controlTypeID="Line" x="227" y="653" w="2" h="48" zOrder="7">
          <font family="Segoe+UI" displayName="Segoe+UI" postScript="" weightStyle="Regular" weight="400" isBold="False" isItalic="False"/>
          <textSize>28</textSize>
          <lineSpacing>0</lineSpacing>
          <selectedIndex>-1</selectedIndex>
          <controlPoint>(1,24)</controlPoint>
          <startPoint>(1,1)</startPoint>
          <endPoint>(1,48)</endPoint>
        </control>
        <control controlID="00B85FCC-8269-4E85-8B38-697D76BC11DA" controlTypeID="Button" x="123" y="479" w="228" h="45" zOrder="8">
          <color>3120562431</color>
          <borderVisible>False</borderVisible>
          <font family="Segoe+UI" displayName="Segoe+UI" postScript="" weightStyle="Regular" weight="400" isBold="False" isItalic="False" useDefaultFontFamily="False"/>
          <text>Login</text>
          <textColor>4294967295</textColor>
          <textSize>28</textSize>
          <lineSpacing>0</lineSpacing>
          <useDefaultTextSize>False</useDefaultTextSize>
          <selectedIndex>-1</selectedIndex>
          <radius>100</radius>
          <radiusIsPercent>True</radiusIsPercent>
        </control>
        <control controlID="9E6E7AC1-09B2-484F-A5D8-553BB4DEA0A2" controlTypeID="Label" x="151" y="573" w="172" h="32" zOrder="9">
          <font family="Segoe+UI" displayName="Segoe+UI" postScript="" weightStyle="Regular" weight="400" isBold="False" isItalic="False"/>
          <text>Or+connect+with%3A</text>
          <textSize>24</textSize>
          <lineSpacing>0</lineSpacing>
          <useDefaultTextSize>False</useDefaultTextSize>
          <selectedIndex>-1</selectedIndex>
        </control>
        <control controlID="C9AA9C3A-BA05-480A-B095-9BA2C3906270" controlTypeID="Border" x="0" y="0" w="474" h="747" zOrder="10">
          <alias>borderLayer</alias>
        </control>
      </groupChildrenDescriptors>
      <thinkness>1</thinkness>
    </control>
  </controls>
  <param>
    <backgroundColor>4293190884</backgroundColor>
    <fontSize>28</fontSize>
    <fontFamily>Segoe+UI</fontFamily>
    <guideLines>
      <guideLine isLocked="False" isHori="True" value="24"/>
      <guideLine isLocked="False" isHori="True" value="1376"/>
      <guideLine isLocked="False" isHori="False" value="39"/>
      <guideLine isLocked="False" isHori="False" value="1000"/>
      <guideLine isLocked="False" isHori="True" value="521"/>
      <guideLine isLocked="False" isHori="False" value="76"/>
      <guideLine isLocked="False" isHori="True" value="879"/>
      <guideLine isLocked="False" isHori="True" value="1264"/>
      <guideLine isLocked="False" isHori="True" value="127"/>
      <guideLine isLocked="False" isHori="True" value="200"/>
      <guideLine isLocked="False" isHori="True" value="855"/>
      <guideLine isLocked="False" isHori="True" value="936"/>
    </guideLines>
  </param>
</mockup>