﻿<mockup version="5.3" minAllowVersion="5.3" ID="BD193AFF-70A0-41C2-A87E-D5AA02699736" platform="MtWeb" defaultW="1400" defaultH="1450" measureW="1400" measureH="1450" mobileScreenScale="0">
  <controls controlCount="75">
    <control controlID="FFA3625D-EFE0-4B4C-AED0-FE7D1D5A560E" controlTypeID="Shape" x="0" y="312" w="1400" h="524" zOrder="0">
      <color>4294177779</color>
      <borderColor>4281808953</borderColor>
      <borderVisible>False</borderVisible>
      <font family="Segoe+UI" displayName="Segoe+UI" postScript="" weightStyle="Regular" weight="400" isBold="False" isItalic="False"/>
      <textSize>28</textSize>
      <selectedIndex>-1</selectedIndex>
    </control>
    <control controlID="2BF62165-38D8-4C83-B4B3-78E348EE9C41" controlTypeID="Image" x="0" y="10" w="1400" h="1440" zOrder="1">
      <opacity>0.850000023841858</opacity>
      <URL>539D4D7FD21DB58B55AD7CFA1C51A47B.jpg</URL>
      <showText>False</showText>
    </control>
    <control controlID="0BD2F298-3ACD-4FA3-A2A9-3BA7CFE50F1F" controlTypeID="Line" x="988" y="4403" w="68" h="4" zOrder="2">
      <color>4290591232</color>
      <font family="Segoe+UI" displayName="Segoe+UI" postScript="" weightStyle="Regular" weight="400" isBold="False" isItalic="False"/>
      <textColor>4290591232</textColor>
      <textSize>28</textSize>
      <lineSpacing>0</lineSpacing>
      <selectedIndex>-1</selectedIndex>
      <controlPoint>(34,2)</controlPoint>
      <startPoint>(2,2)</startPoint>
      <endPoint>(67,2)</endPoint>
      <thickness>3</thickness>
    </control>
    <control controlID="725CCC57-0541-4DBF-A797-146BA0CA36FF" controlTypeID="Label" x="500" y="58" w="133" h="38" zOrder="3">
      <links eventType="AtClick" animate="AmNone" animateAutoDelay="0" animateDuration="500">
        <link targetPageID="BD193AFF-70A0-41C2-A87E-D5AA02699736" linkType="ltPageLink" isApplyIncludePage="False" title="My+Artist">
          <area shape="0" alt="" ID="{B35221E8-3206-498D-B18B-5FC3D6032806}" coords="(0,0,133,38)"/>
        </link>
      </links>
      <font family="Segoe+UI" displayName="Segoe+UI" postScript="" weightStyle="Regular" weight="400" isBold="False" isItalic="False"/>
      <text>MY+ARTIST</text>
      <textColor>4294967295</textColor>
      <textSize>28</textSize>
      <lineSpacing>0</lineSpacing>
      <selectedIndex>-1</selectedIndex>
    </control>
    <control controlID="8B6BA446-4E18-47AF-9D52-786FCDCBD1B6" controlTypeID="Label" x="888" y="59" w="151" h="38" zOrder="4">
      <links eventType="AtClick" animate="AmNone" animateAutoDelay="0" animateDuration="500">
        <link targetPageID="2781DBA1-A02C-448A-A3AE-53C0C29D05D9" linkType="ltPageLink" isApplyIncludePage="False" title="My+Shouts">
          <area shape="0" alt="" ID="{5A80779E-702C-4AC3-986E-A525F57BE7F2}" coords="(0,0,151,38)"/>
        </link>
      </links>
      <font family="Segoe+UI" displayName="Segoe+UI" postScript="" weightStyle="Regular" weight="400" isBold="False" isItalic="False"/>
      <text>MY+SHOUTS</text>
      <textColor>4294967295</textColor>
      <textSize>28</textSize>
      <lineSpacing>0</lineSpacing>
      <selectedIndex>-1</selectedIndex>
    </control>
    <control controlID="218DC1DC-AA39-41F0-9A17-00542C757E9A" controlTypeID="Search" x="962" y="264" w="405" h="36" zOrder="5">
      <font family="Segoe+UI" displayName="Segoe+UI" postScript="" weightStyle="Regular" weight="400" isBold="False" isItalic="False"/>
      <text>Search+for+music+you+love+</text>
      <textColor>2046820352</textColor>
      <textSize>20</textSize>
      <textVAlign>VaTop</textVAlign>
      <lineSpacing>0</lineSpacing>
      <useDefaultTextSize>False</useDefaultTextSize>
      <selectedIndex>-1</selectedIndex>
    </control>
    <control controlID="D880D9F2-F96E-401A-9BDC-6E6864970DAB" controlTypeID="Label" x="371" y="58" w="79" h="38" zOrder="6">
      <links eventType="AtClick" animate="AmNone" animateAutoDelay="0" animateDuration="500">
        <link targetPageID="4A0D339D-9182-425A-A673-178FA0C98669" linkType="ltPageLink" isApplyIncludePage="False" title="HOME">
          <area shape="0" alt="" ID="{C656B903-04A8-457C-B66D-2B7CD0062177}" coords="(0,0,79,38)"/>
        </link>
      </links>
      <font family="Segoe+UI" displayName="Segoe+UI" postScript="" weightStyle="Regular" weight="400" isBold="False" isItalic="False"/>
      <text>HOME</text>
      <textColor>4294967295</textColor>
      <textSize>28</textSize>
      <lineSpacing>0</lineSpacing>
      <selectedIndex>-1</selectedIndex>
    </control>
    <control controlID="02916428-4BA1-4814-9944-6245430202EF" controlTypeID="Button" x="680" y="55" w="161" h="44" zOrder="7">
      <color>4294111986</color>
      <borderVisible>False</borderVisible>
      <links eventType="AtClick" animate="AmNone" animateAutoDelay="0" animateDuration="500">
        <link targetPageID="D787943C-55CB-4922-8217-BECC080E3C57" linkType="ltPageLink" isApplyIncludePage="False" title="My+stream">
          <area shape="0" alt="" ID="{39BA0992-1E6B-45A1-B888-E20E8F151352}" coords="(0,0,161,44)"/>
        </link>
      </links>
      <font family="Segoe+UI" displayName="Segoe+UI" postScript="" weightStyle="Regular" weight="400" isBold="False" isItalic="False" useDefaultFontFamily="False"/>
      <text>MY+STREAM</text>
      <textSize>28</textSize>
      <lineSpacing>0</lineSpacing>
      <useDefaultTextSize>False</useDefaultTextSize>
      <selectedIndex>-1</selectedIndex>
    </control>
    <control controlID="E269EF08-92BF-45BB-BFB5-DD206A02FDF8" controlTypeID="Icon" x="1133" y="65" w="24" h="24" zOrder="8">
      <color>4294967295</color>
      <icon>
        <ID/>
        <iconFontName>jdIonicons</iconFontName>
        <iconCode>62368</iconCode>
      </icon>
      <URL>B91434690C5B5224D1CC6B1998F1178A.svg</URL>
    </control>
    <control controlID="08CE4654-FA1A-47B7-A874-9B8D6FB43BAD" controlTypeID="Label" x="1186" y="58" w="67" h="38" zOrder="9">
      <links eventType="AtClick" animate="AmNone" animateAutoDelay="0" animateDuration="500">
        <link targetPageID="A8DB2508-17C8-4108-87DB-6F4A73B2CD29" linkType="ltPageLink" isApplyIncludePage="False" title="Login">
          <area shape="0" alt="" ID="{386EDF00-0047-4CA1-98C7-DA0CC350C08C}" coords="(0,0,67,38)"/>
        </link>
      </links>
      <font family="Segoe+UI" displayName="Segoe+UI" postScript="" weightStyle="Regular" weight="400" isBold="False" isItalic="False"/>
      <text>Login+</text>
      <textColor>4294967295</textColor>
      <textSize>28</textSize>
      <lineSpacing>0</lineSpacing>
      <selectedIndex>-1</selectedIndex>
    </control>
    <control controlID="D8234E72-5FC7-4D26-9020-4453BDBE64FB" controlTypeID="Label" x="1268" y="58" w="99" h="38" zOrder="10">
      <interactiveData>
        <entry title="">
          <area shape="0" alt="" ID="{8595594D-77DC-425E-8BF5-08D0A9A02090}" coords="(0,0,99,38)"/>
          <events title="">
            <event eventType="atClick" isChecked="True">
              <behaviour title="" isChecked="True" isWait="False" isLoop="False" execMode="emParallel">
                <target targetID="2BF62165-38D8-4C83-B4B3-78E348EE9C41" isChecked="True" isAutoRecovery="False" isLoop="False" execMode="emSequence">
                  <command name="Change Visibility" isChecked="True" descrition="">
                    <param name="AniInterpolation" value="1" varType="3" description=""/>
                    <param name="AniDuration" value="200" varType="3" description=""/>
                    <param name="AniAutoReverse" value="False" varType="11" description=""/>
                    <param name="AniLoop" value="False" varType="11" description=""/>
                    <param name="AniInterpolationTypeOut" value="False" varType="11" description=""/>
                    <param name="Delay" value="0" varType="3" description=""/>
                    <param name="ValueFromCurrent" value="True" varType="11" description=""/>
                    <param name="ForceFromInitValue" value="False" varType="11" description=""/>
                    <param name="ForceSetVisible" value="False" varType="11" description=""/>
                    <param name="Value" value="2" varType="3" description=""/>
                    <param name="TerminateLoopByClick" value="True" varType="11" description=""/>
                  </command>
                </target>
              </behaviour>
            </event>
          </events>
        </entry>
      </interactiveData>
      <font family="Segoe+UI" displayName="Segoe+UI" postScript="" weightStyle="Regular" weight="400" isBold="False" isItalic="False"/>
      <text>Register</text>
      <textColor>4294967295</textColor>
      <textSize>28</textSize>
      <lineSpacing>0</lineSpacing>
      <selectedIndex>-1</selectedIndex>
    </control>
    <control controlID="55C5FD56-F7DF-452B-9F76-252C736D0BA0" controlTypeID="BreadCrumbs" x="64" y="376" w="230" h="38" zOrder="11">
      <links eventType="AtClick" animate="AmNone" animateAutoDelay="0" animateDuration="500">
        <link targetPageID="4A0D339D-9182-425A-A673-178FA0C98669" linkType="ltPageLink" isApplyIncludePage="False" title="Home">
          <area shape="0" alt="" ID="{4D6ABCE5-B513-4010-B515-88115FB063E0}" coords="(0,0,74,38)"/>
        </link>
        <link targetPageID="D787943C-55CB-4922-8217-BECC080E3C57" linkType="ltPageLink" isApplyIncludePage="False" title="My+Streams">
          <area shape="0" alt="" ID="{A4DD4601-0C7F-4B5C-A203-639F84ED970E}" coords="(86,0,230,38)"/>
        </link>
      </links>
      <interactiveData>
        <entry title="Home">
          <area shape="0" alt="" ID="{A98692B9-AEA9-4043-A3CF-87F97B2AEE09}" coords="(0,0,74,38)"/>
          <events title="">
            <event eventType="atClick" isChecked="True">
              <behaviour title="" isChecked="True" isWait="False" isLoop="False" execMode="emParallel">
                <target targetID="D880D9F2-F96E-401A-9BDC-6E6864970DAB" isChecked="True" isAutoRecovery="False" isLoop="False" execMode="emSequence">
                  <command name="Change Visibility" isChecked="True" descrition="">
                    <param name="AniInterpolation" value="1" varType="3" description=""/>
                    <param name="AniDuration" value="200" varType="3" description=""/>
                    <param name="AniAutoReverse" value="False" varType="11" description=""/>
                    <param name="AniLoop" value="False" varType="11" description=""/>
                    <param name="AniInterpolationTypeOut" value="False" varType="11" description=""/>
                    <param name="Delay" value="0" varType="3" description=""/>
                    <param name="ValueFromCurrent" value="True" varType="11" description=""/>
                    <param name="ForceFromInitValue" value="False" varType="11" description=""/>
                    <param name="ForceSetVisible" value="False" varType="11" description=""/>
                    <param name="Value" value="2" varType="3" description=""/>
                    <param name="TerminateLoopByClick" value="True" varType="11" description=""/>
                  </command>
                </target>
              </behaviour>
            </event>
          </events>
        </entry>
        <entry title="My+Streams">
          <area shape="0" alt="" ID="{137052CD-D79A-46D9-AB98-B2FC5F285697}" coords="(86,0,230,38)"/>
          <events title=""/>
        </entry>
      </interactiveData>
      <font family="Segoe+UI" displayName="Segoe+UI" postScript="" weightStyle="Regular" weight="400" isBold="False" isItalic="False"/>
      <text>Home%2CMy+Streams</text>
      <textColor>4294967295</textColor>
      <textSize>28</textSize>
      <lineSpacing>0</lineSpacing>
      <useDefaultTextSize>False</useDefaultTextSize>
    </control>
    <control controlID="D90C3982-FC33-408F-89AC-1FA028AB3910" controlTypeID="Line" x="-5" y="355" w="1405" h="4" zOrder="12">
      <color>4294967295</color>
      <font family="Segoe+UI" displayName="Segoe+UI" postScript="" weightStyle="Regular" weight="400" isBold="False" isItalic="False"/>
      <textColor>4294967295</textColor>
      <textSize>28</textSize>
      <lineSpacing>0</lineSpacing>
      <selectedIndex>-1</selectedIndex>
      <controlPoint>(704,2)</controlPoint>
      <startPoint>(2,2)</startPoint>
      <endPoint>(1405,2)</endPoint>
      <thickness>4</thickness>
    </control>
    <control controlID="4FC6A5C5-A8E2-4F5C-8AC1-577023E423A7" controlTypeID="Master" x="0" y="1359" w="1400" h="91" zOrder="13" masterID="24338112-78F9-4D38-8F21-F0FAFA2D27E7">
      <groupChildrenDescriptors>
        <control controlID="88AFC791-B062-43FF-A6A0-94EE3842089A" controlTypeID="__group__" x="0" y="0" w="1400" h="91" zOrder="0">
          <groupChildrenDescriptors>
            <control controlID="BB85FCA3-65D2-44A8-874C-5BF9BC17FA88" controlTypeID="Shape" x="0" y="0" w="1400" h="91" zOrder="0">
              <color>4289638062</color>
              <font family="" displayName="%E5%BE%AE%E8%BD%AF%E9%9B%85%E9%BB%91" postScript="" weightStyle="Regular" weight="400" isBold="False" isItalic="False"/>
              <textColor>4289638062</textColor>
              <textSize>14</textSize>
              <selectedIndex>-1</selectedIndex>
            </control>
            <control controlID="179157DF-70DF-4009-85DC-21F9E895F102" controlTypeID="Label" x="1124" y="38" w="88" h="27" zOrder="1">
              <font family="" displayName="%E5%BE%AE%E8%BD%AF%E9%9B%85%E9%BB%91" postScript="" weightStyle="Regular" weight="400" isBold="False" isItalic="False"/>
              <text>Follow+Us%3A</text>
              <textSize>20</textSize>
              <lineSpacing>0</lineSpacing>
              <useDefaultTextSize>False</useDefaultTextSize>
              <selectedIndex>-1</selectedIndex>
            </control>
            <control controlID="AB1A1EF7-2D39-4696-917A-5C09D45CD24E" controlTypeID="Label" x="45" y="38" w="369" h="27" zOrder="2">
              <color>16777215</color>
              <font family="" displayName="%E5%BE%AE%E8%BD%AF%E9%9B%85%E9%BB%91" postScript="" weightStyle="Regular" weight="400" isBold="False" isItalic="False"/>
              <text>%C2%A9+2018+J2SM+Software+All+rights+reserved.</text>
              <textSize>20</textSize>
              <textAlign>HaCenter</textAlign>
              <lineSpacing>0</lineSpacing>
              <useDefaultTextSize>False</useDefaultTextSize>
              <selectedIndex>-1</selectedIndex>
            </control>
            <control controlID="BA4AE3C9-F554-4346-BA17-45C21F25E645" controlTypeID="Icon" x="1276" y="40" w="24" h="24" zOrder="3">
              <states>
                <state propName="Color" stateType="state_mouseOver" isChecked="True" value="4291611852" varType="20"/>
              </states>
              <color>4278229503</color>
              <icon>
                <ID/>
                <iconFontName>jdFontAwesome</iconFontName>
                <iconCode>61570</iconCode>
              </icon>
              <URL>4CEBA48D845888E06C868951A5E1A875.svg</URL>
            </control>
            <control controlID="40AC4E62-E399-4314-A252-075F3777F1EF" controlTypeID="Icon" x="1317" y="40" w="24" h="24" zOrder="4">
              <states>
                <state propName="Color" stateType="state_mouseOver" isChecked="True" value="4291611852" varType="20"/>
              </states>
              <color>4281571839</color>
              <icon>
                <ID/>
                <iconFontName>jdFontAwesome</iconFontName>
                <iconCode>61569</iconCode>
              </icon>
              <URL>520A776503D70E7FC53BE8D209CC96C1.svg</URL>
            </control>
            <control controlID="2D8A85AE-8170-42CE-B4D4-E77968C14B5F" controlTypeID="Icon" x="1356" y="40" w="24" h="24" zOrder="5">
              <states>
                <state propName="Color" stateType="state_mouseOver" isChecked="True" value="4291611852" varType="20"/>
              </states>
              <color>4290591232</color>
              <icon>
                <ID/>
                <iconFontName>jdFontAwesome</iconFontName>
                <iconCode>61652</iconCode>
              </icon>
              <URL>282331BE75C40FB6D299F787B7BFD38F.svg</URL>
            </control>
            <control controlID="77A092D7-F8AD-4227-8828-D7EA666369B2" controlTypeID="Icon" x="1232" y="38" w="28" h="28" zOrder="6">
              <states>
                <state propName="Color" stateType="state_mouseOver" isChecked="True" value="4291611852" varType="20"/>
              </states>
              <color>4290591232</color>
              <icon>
                <ID/>
                <iconFontName>jdIonicons</iconFontName>
                <iconCode>62029</iconCode>
              </icon>
              <URL>4529DADA0AD1F8BF89E5709239A0C3BD.svg</URL>
            </control>
          </groupChildrenDescriptors>
        </control>
      </groupChildrenDescriptors>
    </control>
    <control controlID="06E27698-B26D-4A9E-A78E-8BE0B2946C8D" controlTypeID="Panel" x="65" y="1175" w="1270" h="143" zOrder="14">
      <borderColor>4278190080</borderColor>
      <groupChildrenDescriptors>
        <control controlID="E349E368-987B-4FF9-87CE-690B41F30846" controlTypeID="Icon" x="521" y="48" w="35" h="35" zOrder="0">
          <color>4278190080</color>
          <icon>
            <ID/>
            <iconFontName>jdIonicons</iconFontName>
            <iconCode>62635</iconCode>
          </icon>
          <URL>16B5071B42504985CFBDE708BB381A3F.svg</URL>
        </control>
        <control controlID="8433B65D-C79B-43CF-BB94-2EF8C29B79F6" controlTypeID="Icon" x="714" y="48" w="35" h="35" zOrder="1">
          <color>4278190080</color>
          <icon>
            <ID/>
            <iconFontName>jdIonicons</iconFontName>
            <iconCode>62637</iconCode>
          </icon>
          <URL>1ADDD662F0862C7053E639D064FCA264.svg</URL>
        </control>
        <control controlID="ABB02FE2-995B-4C30-BF4F-E11422AD6FFF" controlTypeID="Icon" x="617" y="48" w="35" h="35" zOrder="2">
          <color>4278190080</color>
          <icon>
            <ID/>
            <iconFontName>jdIonicons</iconFontName>
            <iconCode>61968</iconCode>
          </icon>
          <URL>CCBF11A327FC89E3C84FD545972EDB60.svg</URL>
        </control>
        <control controlID="5D0BD14C-61A6-42D2-B7E5-6ECF3C45983B" controlTypeID="Image" x="30" y="23" w="100" h="100" zOrder="3">
          <URL>FEC35DBF55C464096BF911EA77F04C95.png</URL>
        </control>
        <control controlID="88937BBE-1319-4402-A0AE-8E8C7B77CCB8" controlTypeID="Label" x="152" y="23" w="225" h="38" zOrder="4">
          <font family="Segoe+UI" displayName="Segoe+UI" postScript="" weightStyle="Regular" weight="400" isBold="False" isItalic="False"/>
          <text>Dont's+Say+a+Word</text>
          <textSize>28</textSize>
          <lineSpacing>0</lineSpacing>
          <selectedIndex>-1</selectedIndex>
        </control>
        <control controlID="518035D5-9A31-43E5-9F2A-AF0DBB843FD1" controlTypeID="Label" x="152" y="57" w="150" h="32" zOrder="5">
          <font family="Segoe+UI" displayName="Segoe+UI" postScript="" weightStyle="Regular" weight="400" isBold="False" isItalic="False"/>
          <text>Elliie+Goulding</text>
          <textColor>2566914048</textColor>
          <textSize>24</textSize>
          <lineSpacing>0</lineSpacing>
          <useDefaultTextSize>False</useDefaultTextSize>
          <selectedIndex>-1</selectedIndex>
        </control>
        <control controlID="673AD739-374B-4531-8AB5-1F7705CFDDC8" controlTypeID="Line" x="148" y="123" w="1070" h="4" zOrder="6">
          <font family="Segoe+UI" displayName="Segoe+UI" postScript="" weightStyle="Regular" weight="400" isBold="False" isItalic="False"/>
          <textSize>28</textSize>
          <lineSpacing>0</lineSpacing>
          <selectedIndex>-1</selectedIndex>
          <controlPoint>(536,2)</controlPoint>
          <startPoint>(2,2)</startPoint>
          <endPoint>(1070,2)</endPoint>
          <thickness>4</thickness>
        </control>
        <control controlID="487951E3-CCA8-42F0-842F-B672234C1E23" controlTypeID="Line" x="148" y="117" w="185" h="4" zOrder="7">
          <font family="Segoe+UI" displayName="Segoe+UI" postScript="" weightStyle="Regular" weight="400" isBold="False" isItalic="False"/>
          <textColor>4290591232</textColor>
          <textSize>28</textSize>
          <lineSpacing>0</lineSpacing>
          <selectedIndex>-1</selectedIndex>
          <controlPoint>(93,2)</controlPoint>
          <startPoint>(2,2)</startPoint>
          <endPoint>(184,2)</endPoint>
          <thickness>4</thickness>
        </control>
        <control controlID="A857DB11-0297-4950-AE33-B43171EBE979" controlTypeID="Label" x="1102" y="57" w="109" h="32" zOrder="8">
          <font family="Segoe+UI" displayName="Segoe+UI" postScript="" weightStyle="Regular" weight="400" isBold="False" isItalic="False"/>
          <text>0%3A56+%2F+8%3A02</text>
          <textColor>2147483648</textColor>
          <textSize>24</textSize>
          <lineSpacing>0</lineSpacing>
          <useDefaultTextSize>False</useDefaultTextSize>
          <selectedIndex>-1</selectedIndex>
        </control>
        <control controlID="590C967D-44EB-41B3-BA4A-6FE30C3670F0" controlTypeID="Border" x="0" y="0" w="1270" h="143" zOrder="9">
          <borderColor>4278190080</borderColor>
          <alias>borderLayer</alias>
        </control>
      </groupChildrenDescriptors>
      <thinkness>1</thinkness>
    </control>
    <control controlID="14F9C560-93C7-48A4-94D7-5E9B24F965C5" controlTypeID="Icon" x="1064" y="1192" w="24" h="24" zOrder="15">
      <color>4278190080</color>
      <icon>
        <ID/>
        <iconFontName>jdIonicons</iconFontName>
        <iconCode>62391</iconCode>
      </icon>
      <URL>202490A4A172AD123A4BEC53F4B50CD5.svg</URL>
    </control>
    <control controlID="A19895BC-8390-47E5-AD5E-1ECC46137CA4" controlTypeID="Icon" x="1285" y="1192" w="24" h="24" zOrder="16">
      <color>4278190080</color>
      <icon>
        <ID/>
        <iconFontName>jdIonicons</iconFontName>
        <iconCode>62394</iconCode>
      </icon>
      <URL>5C6857EB450A2A3DA5E372F0CC594792.svg</URL>
    </control>
    <control controlID="74958501-9A66-4E6B-AA8F-BED6AB2AE047" controlTypeID="Line" x="1098" y="1202" w="177" h="3" zOrder="17">
      <color>4278190080</color>
      <font family="Segoe+UI" displayName="Segoe+UI" postScript="" weightStyle="Regular" weight="400" isBold="False" isItalic="False"/>
      <textSize>28</textSize>
      <lineSpacing>0</lineSpacing>
      <selectedIndex>-1</selectedIndex>
      <controlPoint>(89,1)</controlPoint>
      <startPoint>(2,1)</startPoint>
      <endPoint>(176,1)</endPoint>
      <thickness>3</thickness>
    </control>
    <control controlID="A0668E1F-082E-4441-8167-3EA71950C3D6" controlTypeID="Circle" x="1235" y="1198" w="12" h="12" zOrder="18">
      <color>16777215</color>
      <font family="Segoe+UI" displayName="Segoe+UI" postScript="" weightStyle="Regular" weight="400" isBold="False" isItalic="False" useDefaultFontFamily="False"/>
      <textSize>14</textSize>
      <selectedIndex>-1</selectedIndex>
      <shapeBorderType>SbEllipse</shapeBorderType>
      <thickness>4</thickness>
    </control>
    <control controlID="A647CEF2-558A-4498-AC24-98CAB53E3085" controlTypeID="Icon" x="863" y="1230" w="24" h="24" zOrder="19">
      <color>4278190080</color>
      <icon>
        <ID/>
        <iconFontName>jdIcoMoonFree</iconFontName>
        <iconCode>59677</iconCode>
      </icon>
      <URL>8E327F9D76E31B04F46DC065F18E65AF.svg</URL>
    </control>
    <control controlID="F8BD01F4-757A-429E-8B43-25C2CF232473" controlTypeID="Icon" x="491" y="1230" w="24" h="24" zOrder="20">
      <color>4278190080</color>
      <icon>
        <ID/>
        <iconFontName>jdIcoMoonFree</iconFontName>
        <iconCode>59664</iconCode>
      </icon>
      <URL>3947209BB95287B59E8EAF021A4C81CE.svg</URL>
    </control>
    <control controlID="ED597FA2-30C6-490E-A2EE-21B7790CAA14" controlTypeID="Image" x="90" y="564" w="150" h="150" zOrder="21">
      <URL>2C8DF6468A002E1513735D340D296412.png</URL>
    </control>
    <control controlID="7D7CDE35-BFDD-4B76-A819-4C420A7AD5AF" controlTypeID="Image" x="1129" y="564" w="150" h="150" zOrder="22">
      <URL>2C8DF6468A002E1513735D340D296412.png</URL>
    </control>
    <control controlID="D18E958B-82C7-42D0-B0F1-DB929DAFC77E" controlTypeID="Image" x="345" y="564" w="150" h="150" zOrder="23">
      <URL>52135DE64ADBA9A0274C741473C82167.png</URL>
    </control>
    <control controlID="A0FB2196-B69F-4192-9766-DA94AC7FD3D3" controlTypeID="Image" x="879" y="564" w="150" h="150" zOrder="24">
      <URL>44FF53C68DE92391EBB2E3B4787E8600.png</URL>
    </control>
    <control controlID="5391855B-FF96-4A49-9628-7DBF1E49F42D" controlTypeID="Image" x="607" y="564" w="150" h="150" zOrder="25">
      <URL>7AFD823214A86CF07DB3827B7BC2FD9C.png</URL>
    </control>
    <control controlID="4B56380B-3CB7-4609-B9E9-547B1D91A57D" controlTypeID="IconButton2" x="16" y="617" w="38" h="38" zOrder="26">
      <groupChildrenDescriptors>
        <control controlID="2610FD47-2310-4D1F-BA5E-B7B2A67CE235" controlTypeID="Shape" x="0" y="0" w="38" h="38" zOrder="0">
          <canMove>False</canMove>
          <alias>shape</alias>
          <font family="Segoe+UI" displayName="Segoe+UI" postScript="" weightStyle="Regular" weight="400" isBold="False" isItalic="False"/>
          <textSize>28</textSize>
          <selectedIndex>-1</selectedIndex>
          <shapeBorderType>SbEllipse</shapeBorderType>
        </control>
        <control controlID="0117EA78-4652-4FA4-8685-33C3F5B23938" controlTypeID="Icon" x="7" y="7" w="24" h="24" zOrder="1">
          <canMove>False</canMove>
          <alias>icon</alias>
          <icon>
            <ID/>
            <iconFontName>jdIonicons</iconFontName>
            <iconCode>62304</iconCode>
          </icon>
          <URL>E824BDFC2A61421270F3A0DA09351C67.svg</URL>
        </control>
        <control controlID="6F5719CB-F7EB-42BB-BE83-07B0182E3FB9" controlTypeID="Label" x="-16" y="-4" w="63" h="38" zOrder="2">
          <canMove>False</canMove>
          <alias>label</alias>
          <font family="Segoe+UI" displayName="Segoe+UI" postScript="" weightStyle="Regular" weight="400" isBold="False" isItalic="False"/>
          <text>Label</text>
          <textSize>28</textSize>
          <textAlign>HaCenter</textAlign>
          <lineSpacing>0</lineSpacing>
          <selectedIndex>-1</selectedIndex>
        </control>
        <control controlID="2B97F27E-CF80-4670-8DA0-229F7B181D84" controlTypeID="Shape" x="25" y="0" w="13" h="13" zOrder="3">
          <color>4294901760</color>
          <borderVisible>False</borderVisible>
          <canMove>False</canMove>
          <alias>alarm</alias>
          <font family="Segoe+UI" displayName="Segoe+UI" postScript="" weightStyle="Regular" weight="400" isBold="False" isItalic="False"/>
          <text>2</text>
          <textColor>4294967295</textColor>
          <textSize>8</textSize>
          <selectedIndex>-1</selectedIndex>
          <radius>100</radius>
          <radiusIsPercent>True</radiusIsPercent>
        </control>
      </groupChildrenDescriptors>
    </control>
    <control controlID="6859DD8E-A7A2-4A5F-A814-676B5ACB4898" controlTypeID="IconButton2" x="1325" y="617" w="38" h="38" zOrder="27">
      <groupChildrenDescriptors>
        <control controlID="2B462465-E489-4BD9-9227-92DFD97723FE" controlTypeID="Shape" x="0" y="0" w="38" h="38" zOrder="0">
          <canMove>False</canMove>
          <alias>shape</alias>
          <font family="Segoe+UI" displayName="Segoe+UI" postScript="" weightStyle="Regular" weight="400" isBold="False" isItalic="False"/>
          <textSize>28</textSize>
          <selectedIndex>-1</selectedIndex>
          <shapeBorderType>SbEllipse</shapeBorderType>
        </control>
        <control controlID="BE4DAEA7-57E5-4993-B929-6F0AE6FF6933" controlTypeID="Icon" x="7" y="7" w="24" h="24" zOrder="1">
          <canMove>False</canMove>
          <alias>icon</alias>
          <icon>
            <ID/>
            <iconFontName>jdIonicons</iconFontName>
            <iconCode>62306</iconCode>
          </icon>
          <URL>9DDACFA1CF56DBAEDCDB44BD9EE77A8A.svg</URL>
        </control>
        <control controlID="B0445998-4AE8-45EC-8890-CBAEDDAE5EF1" controlTypeID="Label" x="-16" y="-4" w="63" h="38" zOrder="2">
          <canMove>False</canMove>
          <alias>label</alias>
          <font family="Segoe+UI" displayName="Segoe+UI" postScript="" weightStyle="Regular" weight="400" isBold="False" isItalic="False"/>
          <text>Label</text>
          <textSize>28</textSize>
          <textAlign>HaCenter</textAlign>
          <lineSpacing>0</lineSpacing>
          <selectedIndex>-1</selectedIndex>
        </control>
        <control controlID="CD5A9A12-F1A3-49B6-80B8-6DB35C9969EC" controlTypeID="Shape" x="25" y="0" w="13" h="13" zOrder="3">
          <color>4294901760</color>
          <borderVisible>False</borderVisible>
          <canMove>False</canMove>
          <alias>alarm</alias>
          <font family="Segoe+UI" displayName="Segoe+UI" postScript="" weightStyle="Regular" weight="400" isBold="False" isItalic="False"/>
          <text>2</text>
          <textColor>4294967295</textColor>
          <textSize>8</textSize>
          <selectedIndex>-1</selectedIndex>
          <radius>100</radius>
          <radiusIsPercent>True</radiusIsPercent>
        </control>
      </groupChildrenDescriptors>
    </control>
    <control controlID="0B18C69C-49F0-4992-9CFE-EA7D9B171325" controlTypeID="Label" x="632" y="422" w="107" h="54" zOrder="28">
      <font family="Segoe+UI" displayName="Segoe+UI+Bold" postScript="" weightStyle="Bold" weight="700" isBold="True" isItalic="False"/>
      <text>Radio</text>
      <textColor>4294967295</textColor>
      <textSize>40</textSize>
      <lineSpacing>0</lineSpacing>
      <textStyles>[fsBold]</textStyles>
      <useDefaultTextSize>False</useDefaultTextSize>
      <selectedIndex>-1</selectedIndex>
    </control>
    <control controlID="E1826112-425F-40C3-BDD4-D8B5B5D9B430" controlTypeID="Line" x="590" y="506" w="191" h="2" zOrder="29">
      <color>4294967295</color>
      <font family="Segoe+UI" displayName="Segoe+UI" postScript="" weightStyle="Regular" weight="400" isBold="False" isItalic="False"/>
      <textSize>28</textSize>
      <lineSpacing>0</lineSpacing>
      <selectedIndex>-1</selectedIndex>
      <controlPoint>(96,1)</controlPoint>
      <startPoint>(1,1)</startPoint>
      <endPoint>(191,1)</endPoint>
      <thickness>2</thickness>
    </control>
    <control controlID="C87472AC-9FF2-4CC4-BAC5-3948FFD9B706" controlTypeID="Label" x="513" y="790" w="370" h="54" zOrder="30">
      <font family="Segoe+UI" displayName="Segoe+UI+Bold" postScript="" weightStyle="Bold" weight="700" isBold="True" isItalic="False"/>
      <text>Streming+PlatForms+</text>
      <textColor>4294967295</textColor>
      <textSize>40</textSize>
      <lineSpacing>0</lineSpacing>
      <textStyles>[fsBold]</textStyles>
      <useDefaultTextSize>False</useDefaultTextSize>
      <selectedIndex>-1</selectedIndex>
    </control>
    <control controlID="34F6AB84-74EB-4CE0-84B2-E319F2DCBE25" controlTypeID="Line" x="486" y="887" w="425" h="2" zOrder="31">
      <color>4294967295</color>
      <font family="Segoe+UI" displayName="Segoe+UI" postScript="" weightStyle="Regular" weight="400" isBold="False" isItalic="False"/>
      <textSize>28</textSize>
      <lineSpacing>0</lineSpacing>
      <selectedIndex>-1</selectedIndex>
      <controlPoint>(213,1)</controlPoint>
      <startPoint>(1,1)</startPoint>
      <endPoint>(425,1)</endPoint>
      <thickness>2</thickness>
    </control>
    <control controlID="1E16CE8C-95BD-4B9B-A4FA-CF7359D6E535" controlTypeID="Image" x="98" y="940" w="150" h="150" zOrder="32">
      <URL>2C8DF6468A002E1513735D340D296412.png</URL>
    </control>
    <control controlID="811F553D-BC58-4AAA-BA5E-B0816D94721B" controlTypeID="Image" x="1137" y="940" w="150" h="150" zOrder="33">
      <URL>2C8DF6468A002E1513735D340D296412.png</URL>
    </control>
    <control controlID="7E302A20-5BF6-4A24-9BDF-1C498394F301" controlTypeID="Image" x="353" y="940" w="150" h="150" zOrder="34">
      <URL>52135DE64ADBA9A0274C741473C82167.png</URL>
    </control>
    <control controlID="29965E31-658C-4ADF-AE5A-C7261148BB22" controlTypeID="Image" x="887" y="940" w="150" h="150" zOrder="35">
      <URL>44FF53C68DE92391EBB2E3B4787E8600.png</URL>
    </control>
    <control controlID="5B92BFFC-C6A9-44D2-BB51-0B81C0605A2A" controlTypeID="Image" x="615" y="940" w="150" h="150" zOrder="36">
      <URL>7AFD823214A86CF07DB3827B7BC2FD9C.png</URL>
    </control>
    <control controlID="363873FB-5060-4D86-967B-1225FA96F1BB" controlTypeID="IconButton2" x="24" y="993" w="38" h="38" zOrder="37">
      <groupChildrenDescriptors>
        <control controlID="9C383AD4-FA02-4D2A-A1BB-5F34E4177103" controlTypeID="Shape" x="0" y="0" w="38" h="38" zOrder="0">
          <canMove>False</canMove>
          <alias>shape</alias>
          <font family="Segoe+UI" displayName="Segoe+UI" postScript="" weightStyle="Regular" weight="400" isBold="False" isItalic="False"/>
          <textSize>28</textSize>
          <selectedIndex>-1</selectedIndex>
          <shapeBorderType>SbEllipse</shapeBorderType>
        </control>
        <control controlID="1FB2AA36-5652-44A4-96B7-A81B537E5FDF" controlTypeID="Icon" x="7" y="7" w="24" h="24" zOrder="1">
          <canMove>False</canMove>
          <alias>icon</alias>
          <icon>
            <ID/>
            <iconFontName>jdIonicons</iconFontName>
            <iconCode>62304</iconCode>
          </icon>
          <URL>E824BDFC2A61421270F3A0DA09351C67.svg</URL>
        </control>
        <control controlID="8F99F317-AA0E-4605-9D43-CF82F6C25298" controlTypeID="Label" x="-16" y="-4" w="63" h="38" zOrder="2">
          <canMove>False</canMove>
          <alias>label</alias>
          <font family="Segoe+UI" displayName="Segoe+UI" postScript="" weightStyle="Regular" weight="400" isBold="False" isItalic="False"/>
          <text>Label</text>
          <textSize>28</textSize>
          <textAlign>HaCenter</textAlign>
          <lineSpacing>0</lineSpacing>
          <selectedIndex>-1</selectedIndex>
        </control>
        <control controlID="2048EBD8-FBC8-4EA0-9DA5-EC687ECD61FD" controlTypeID="Shape" x="25" y="0" w="13" h="13" zOrder="3">
          <color>4294901760</color>
          <borderVisible>False</borderVisible>
          <canMove>False</canMove>
          <alias>alarm</alias>
          <font family="Segoe+UI" displayName="Segoe+UI" postScript="" weightStyle="Regular" weight="400" isBold="False" isItalic="False"/>
          <text>2</text>
          <textColor>4294967295</textColor>
          <textSize>8</textSize>
          <selectedIndex>-1</selectedIndex>
          <radius>100</radius>
          <radiusIsPercent>True</radiusIsPercent>
        </control>
      </groupChildrenDescriptors>
    </control>
    <control controlID="51A43F92-86BF-432F-A791-38CEDE23AB06" controlTypeID="IconButton2" x="1333" y="993" w="38" h="38" zOrder="38">
      <groupChildrenDescriptors>
        <control controlID="6DA366E2-C422-4E71-B8D1-9DCB33199B9A" controlTypeID="Shape" x="0" y="0" w="38" h="38" zOrder="0">
          <canMove>False</canMove>
          <alias>shape</alias>
          <font family="Segoe+UI" displayName="Segoe+UI" postScript="" weightStyle="Regular" weight="400" isBold="False" isItalic="False"/>
          <textSize>28</textSize>
          <selectedIndex>-1</selectedIndex>
          <shapeBorderType>SbEllipse</shapeBorderType>
        </control>
        <control controlID="074B7533-20EB-4752-9B1D-9DFCFBC6D2EA" controlTypeID="Icon" x="7" y="7" w="24" h="24" zOrder="1">
          <canMove>False</canMove>
          <alias>icon</alias>
          <icon>
            <ID/>
            <iconFontName>jdIonicons</iconFontName>
            <iconCode>62306</iconCode>
          </icon>
          <URL>9DDACFA1CF56DBAEDCDB44BD9EE77A8A.svg</URL>
        </control>
        <control controlID="1C5F4112-AD58-4952-AC83-D035C76B9E50" controlTypeID="Label" x="-16" y="-4" w="63" h="38" zOrder="2">
          <canMove>False</canMove>
          <alias>label</alias>
          <font family="Segoe+UI" displayName="Segoe+UI" postScript="" weightStyle="Regular" weight="400" isBold="False" isItalic="False"/>
          <text>Label</text>
          <textSize>28</textSize>
          <textAlign>HaCenter</textAlign>
          <lineSpacing>0</lineSpacing>
          <selectedIndex>-1</selectedIndex>
        </control>
        <control controlID="4FD3883F-38CD-4E34-B821-3ED3EE8D4279" controlTypeID="Shape" x="25" y="0" w="13" h="13" zOrder="3">
          <color>4294901760</color>
          <borderVisible>False</borderVisible>
          <canMove>False</canMove>
          <alias>alarm</alias>
          <font family="Segoe+UI" displayName="Segoe+UI" postScript="" weightStyle="Regular" weight="400" isBold="False" isItalic="False"/>
          <text>2</text>
          <textColor>4294967295</textColor>
          <textSize>8</textSize>
          <selectedIndex>-1</selectedIndex>
          <radius>100</radius>
          <radiusIsPercent>True</radiusIsPercent>
        </control>
      </groupChildrenDescriptors>
    </control>
    <control controlID="2C186D86-339E-4F93-8129-2F0D9343EA95" controlTypeID="Image" x="39" y="76" w="550" h="215" zOrder="39">
      <caption>logo</caption>
      <links eventType="AtClick" animate="AmNone" animateAutoDelay="0" animateDuration="500">
        <link targetPageID="4A0D339D-9182-425A-A673-178FA0C98669" linkType="ltPageLink" isApplyIncludePage="False" title="HOME">
          <area shape="0" alt="" ID="{72AF65ED-4A01-4CC8-BC6F-81DCCFD72C36}" coords="(0,0,550,215)"/>
        </link>
      </links>
      <interactiveData>
        <entry title="">
          <area shape="0" alt="" ID="{5A33E01D-B76C-411A-AB89-393C1E13A312}" coords="(0,0,550,215)"/>
          <events title="">
            <event eventType="atClick" isChecked="True">
              <behaviour title="" isChecked="True" isWait="False" isLoop="False" execMode="emParallel">
                <target targetID="D880D9F2-F96E-401A-9BDC-6E6864970DAB" isChecked="True" isAutoRecovery="False" isLoop="False" execMode="emSequence">
                  <command name="Set Text Color" isChecked="True" descrition="">
                    <param name="AniInterpolation" value="0" varType="3" description=""/>
                    <param name="AniDuration" value="200" varType="3" description=""/>
                    <param name="AniAutoReverse" value="False" varType="11" description=""/>
                    <param name="AniLoop" value="False" varType="11" description=""/>
                    <param name="AniInterpolationTypeOut" value="False" varType="11" description=""/>
                    <param name="Delay" value="0" varType="3" description=""/>
                    <param name="FromValue" value="0" varType="20" description=""/>
                    <param name="ToValue" value="4294967040" varType="20" description=""/>
                  </command>
                </target>
              </behaviour>
            </event>
          </events>
        </entry>
      </interactiveData>
      <URL>3893359F374036C0F836494E3CC0BD82.png</URL>
    </control>
    <control controlID="A7E10B5F-E7F5-458A-BC92-8262D0F05EF5" controlTypeID="Label" x="253" y="263" w="175" h="40" zOrder="40">
      <font family="Segoe+UI" displayName="Segoe+UI" postScript="" weightStyle="Regular" weight="400" isBold="False" isItalic="False"/>
      <text>Music+To+Live</text>
      <textColor>4294967040</textColor>
      <textSize>30</textSize>
      <lineSpacing>0</lineSpacing>
      <useDefaultTextSize>False</useDefaultTextSize>
      <selectedIndex>-1</selectedIndex>
    </control>
  </controls>
  <param>
    <backgroundColor>4293190884</backgroundColor>
    <fontSize>28</fontSize>
    <fontFamily>Segoe+UI</fontFamily>
    <guideLines>
      <guideLine isLocked="False" isHori="True" value="24"/>
      <guideLine isLocked="False" isHori="True" value="1376"/>
      <guideLine isLocked="False" isHori="False" value="39"/>
      <guideLine isLocked="False" isHori="False" value="1000"/>
      <guideLine isLocked="False" isHori="True" value="727"/>
      <guideLine isLocked="False" isHori="False" value="76"/>
      <guideLine isLocked="False" isHori="True" value="888"/>
      <guideLine isLocked="False" isHori="True" value="1227"/>
    </guideLines>
  </param>
</mockup>