﻿<LinkSources version="1.02">
  <page ID="4A0D339D-9182-425A-A673-178FA0C98669">
    <linkSource sourcePageID="4A0D339D-9182-425A-A673-178FA0C98669" comID="02916428-4BA1-4814-9944-6245430202EF" comLinkType="cltPageLink"/>
    <linkSource sourcePageID="D787943C-55CB-4922-8217-BECC080E3C57" comID="55C5FD56-F7DF-452B-9F76-252C736D0BA0" comLinkType="cltPageLink"/>
    <linkSource sourcePageID="BD193AFF-70A0-41C2-A87E-D5AA02699736" comID="218188A1-5467-4F6B-981A-7C7253B73DFA" comLinkType="cltPageLink"/>
    <linkSource sourcePageID="A8DB2508-17C8-4108-87DB-6F4A73B2CD29" comID="55C5FD56-F7DF-452B-9F76-252C736D0BA0" comLinkType="cltPageLink"/>
    <linkSource sourcePageID="D787943C-55CB-4922-8217-BECC080E3C57" comID="D880D9F2-F96E-401A-9BDC-6E6864970DAB" comLinkType="cltPageLink"/>
    <linkSource sourcePageID="BD193AFF-70A0-41C2-A87E-D5AA02699736" comID="D880D9F2-F96E-401A-9BDC-6E6864970DAB" comLinkType="cltPageLink"/>
    <linkSource sourcePageID="2781DBA1-A02C-448A-A3AE-53C0C29D05D9" comID="D880D9F2-F96E-401A-9BDC-6E6864970DAB" comLinkType="cltPageLink"/>
    <linkSource sourcePageID="A8DB2508-17C8-4108-87DB-6F4A73B2CD29" comID="D880D9F2-F96E-401A-9BDC-6E6864970DAB" comLinkType="cltPageLink"/>
    <linkSource sourcePageID="4A0D339D-9182-425A-A673-178FA0C98669" comID="984D6AB2-31FA-4DDD-A7FC-264D3B82EA54" comLinkType="cltPageLink"/>
    <linkSource sourcePageID="BD193AFF-70A0-41C2-A87E-D5AA02699736" comID="5959DD4A-7232-44DE-A94E-F561DC93D0BA" comLinkType="cltPageLink"/>
    <linkSource sourcePageID="D787943C-55CB-4922-8217-BECC080E3C57" comID="2C186D86-339E-4F93-8129-2F0D9343EA95" comLinkType="cltPageLink"/>
    <linkSource sourcePageID="2781DBA1-A02C-448A-A3AE-53C0C29D05D9" comID="A461D6FB-AE74-4AFB-BFFA-C7A5E604371A" comLinkType="cltPageLink"/>
    <linkSource sourcePageID="A8DB2508-17C8-4108-87DB-6F4A73B2CD29" comID="3A803480-F9F5-44E9-9F19-635EBD66A832" comLinkType="cltPageLink"/>
    <linkSource sourcePageID="A8DB2508-17C8-4108-87DB-6F4A73B2CD29" comID="702E826B-1C54-4D26-87A1-80CAEE3A393F" comLinkType="cltPageLink"/>
    <linkSource sourcePageID="2781DBA1-A02C-448A-A3AE-53C0C29D05D9" comID="5BDB83D2-02B0-4AFE-8686-6F7B1649DEED" comLinkType="cltPageLink"/>
  </page>
  <page ID="A8DB2508-17C8-4108-87DB-6F4A73B2CD29">
    <linkSource sourcePageID="A8DB2508-17C8-4108-87DB-6F4A73B2CD29" comID="02916428-4BA1-4814-9944-6245430202EF" comLinkType="cltPageLink"/>
    <linkSource sourcePageID="A8DB2508-17C8-4108-87DB-6F4A73B2CD29" comID="55C5FD56-F7DF-452B-9F76-252C736D0BA0" comLinkType="cltPageLink"/>
    <linkSource sourcePageID="D787943C-55CB-4922-8217-BECC080E3C57" comID="08CE4654-FA1A-47B7-A874-9B8D6FB43BAD" comLinkType="cltPageLink"/>
    <linkSource sourcePageID="D787943C-55CB-4922-8217-BECC080E3C57" comID="55C5FD56-F7DF-452B-9F76-252C736D0BA0" comLinkType="cltPageLink"/>
    <linkSource sourcePageID="BD193AFF-70A0-41C2-A87E-D5AA02699736" comID="08CE4654-FA1A-47B7-A874-9B8D6FB43BAD" comLinkType="cltPageLink"/>
    <linkSource sourcePageID="BD193AFF-70A0-41C2-A87E-D5AA02699736" comID="218188A1-5467-4F6B-981A-7C7253B73DFA" comLinkType="cltPageLink"/>
    <linkSource sourcePageID="2781DBA1-A02C-448A-A3AE-53C0C29D05D9" comID="5BDB83D2-02B0-4AFE-8686-6F7B1649DEED" comLinkType="cltPageLink"/>
    <linkSource sourcePageID="A8DB2508-17C8-4108-87DB-6F4A73B2CD29" comID="D3F47DD3-C03B-4A5A-A195-70F59E7C0B99" comLinkType="cltPageLink"/>
    <linkSource sourcePageID="2781DBA1-A02C-448A-A3AE-53C0C29D05D9" comID="08CE4654-FA1A-47B7-A874-9B8D6FB43BAD" comLinkType="cltPageLink"/>
    <linkSource sourcePageID="4A0D339D-9182-425A-A673-178FA0C98669" comID="08CE4654-FA1A-47B7-A874-9B8D6FB43BAD" comLinkType="cltPageLink"/>
  </page>
  <page ID="BD193AFF-70A0-41C2-A87E-D5AA02699736">
    <linkSource sourcePageID="9E7EE126-BC99-4CF2-8433-3307DCE602C5" comID="CA64AA5C-97D2-4CC5-987A-A0A449F4CDC4" comLinkType="cltPageLink"/>
    <linkSource sourcePageID="66E9059F-8141-410B-AB04-14EE23772128" comID="2B650412-4DC3-488A-848C-7912706C52CA" comLinkType="cltPageLink"/>
    <linkSource sourcePageID="425A98AB-9F07-4E15-BFDD-FB5364861C8F" comID="88E19894-C89F-428A-8BE7-13D50995DC52" comLinkType="cltPageLink"/>
    <linkSource sourcePageID="D639310A-16BF-4432-AA5C-140F25963633" comID="55E1990B-5450-4FBF-9954-2C08AEA8D756" comLinkType="cltPageLink"/>
    <linkSource sourcePageID="BD193AFF-70A0-41C2-A87E-D5AA02699736" comID="02916428-4BA1-4814-9944-6245430202EF" comLinkType="cltPageLink"/>
    <linkSource sourcePageID="5F0C034F-03EF-47FE-ADA3-6900D0FF6CAA" comID="855C8225-7C67-4671-8B0B-656F0AB55922" comLinkType="cltPageLink"/>
    <linkSource sourcePageID="5F0C034F-03EF-47FE-ADA3-6900D0FF6CAA" comID="D5E94CC5-552A-4EB2-A2B0-198F40E99520" comLinkType="cltPageLink"/>
    <linkSource sourcePageID="5F0C034F-03EF-47FE-ADA3-6900D0FF6CAA" comID="509B5A93-73FA-4592-BEBC-85A4F36787EB" comLinkType="cltPageLink"/>
    <linkSource sourcePageID="4A0D339D-9182-425A-A673-178FA0C98669" comID="D880D9F2-F96E-401A-9BDC-6E6864970DAB" comLinkType="cltPageLink"/>
    <linkSource sourcePageID="BD193AFF-70A0-41C2-A87E-D5AA02699736" comID="218188A1-5467-4F6B-981A-7C7253B73DFA" comLinkType="cltPageLink"/>
    <linkSource sourcePageID="D787943C-55CB-4922-8217-BECC080E3C57" comID="725CCC57-0541-4DBF-A797-146BA0CA36FF" comLinkType="cltPageLink"/>
    <linkSource sourcePageID="2781DBA1-A02C-448A-A3AE-53C0C29D05D9" comID="8B6BA446-4E18-47AF-9D52-786FCDCBD1B6" comLinkType="cltPageLink"/>
    <linkSource sourcePageID="BD193AFF-70A0-41C2-A87E-D5AA02699736" comID="B5D1AADD-56BA-4594-889D-6FFA4429E51B" comLinkType="cltPageLink"/>
    <linkSource sourcePageID="A8DB2508-17C8-4108-87DB-6F4A73B2CD29" comID="702E826B-1C54-4D26-87A1-80CAEE3A393F" comLinkType="cltPageLink"/>
  </page>
  <page ID="D787943C-55CB-4922-8217-BECC080E3C57">
    <linkSource sourcePageID="D787943C-55CB-4922-8217-BECC080E3C57" comID="02916428-4BA1-4814-9944-6245430202EF" comLinkType="cltPageLink"/>
    <linkSource sourcePageID="D787943C-55CB-4922-8217-BECC080E3C57" comID="55C5FD56-F7DF-452B-9F76-252C736D0BA0" comLinkType="cltPageLink"/>
    <linkSource sourcePageID="BD193AFF-70A0-41C2-A87E-D5AA02699736" comID="218188A1-5467-4F6B-981A-7C7253B73DFA" comLinkType="cltPageLink"/>
    <linkSource sourcePageID="BD193AFF-70A0-41C2-A87E-D5AA02699736" comID="725CCC57-0541-4DBF-A797-146BA0CA36FF" comLinkType="cltPageLink"/>
    <linkSource sourcePageID="2781DBA1-A02C-448A-A3AE-53C0C29D05D9" comID="5BDB83D2-02B0-4AFE-8686-6F7B1649DEED" comLinkType="cltPageLink"/>
    <linkSource sourcePageID="A8DB2508-17C8-4108-87DB-6F4A73B2CD29" comID="D3F47DD3-C03B-4A5A-A195-70F59E7C0B99" comLinkType="cltPageLink"/>
    <linkSource sourcePageID="2781DBA1-A02C-448A-A3AE-53C0C29D05D9" comID="725CCC57-0541-4DBF-A797-146BA0CA36FF" comLinkType="cltPageLink"/>
    <linkSource sourcePageID="4A0D339D-9182-425A-A673-178FA0C98669" comID="725CCC57-0541-4DBF-A797-146BA0CA36FF" comLinkType="cltPageLink"/>
    <linkSource sourcePageID="A8DB2508-17C8-4108-87DB-6F4A73B2CD29" comID="725CCC57-0541-4DBF-A797-146BA0CA36FF" comLinkType="cltPageLink"/>
  </page>
  <page ID="2781DBA1-A02C-448A-A3AE-53C0C29D05D9">
    <linkSource sourcePageID="2781DBA1-A02C-448A-A3AE-53C0C29D05D9" comID="02916428-4BA1-4814-9944-6245430202EF" comLinkType="cltPageLink"/>
    <linkSource sourcePageID="D787943C-55CB-4922-8217-BECC080E3C57" comID="8B6BA446-4E18-47AF-9D52-786FCDCBD1B6" comLinkType="cltPageLink"/>
    <linkSource sourcePageID="BD193AFF-70A0-41C2-A87E-D5AA02699736" comID="8B6BA446-4E18-47AF-9D52-786FCDCBD1B6" comLinkType="cltPageLink"/>
    <linkSource sourcePageID="BD193AFF-70A0-41C2-A87E-D5AA02699736" comID="74274447-943B-4D83-BBBB-4BBFC0CF23E8" comLinkType="cltPageLink"/>
    <linkSource sourcePageID="BD193AFF-70A0-41C2-A87E-D5AA02699736" comID="5A643B64-D9D0-402D-8AD4-A5228B4B3CE1" comLinkType="cltPageLink"/>
    <linkSource sourcePageID="BD193AFF-70A0-41C2-A87E-D5AA02699736" comID="D77CC504-5EE4-41CF-BAA1-9E94B8E92E5E" comLinkType="cltPageLink"/>
    <linkSource sourcePageID="BD193AFF-70A0-41C2-A87E-D5AA02699736" comID="79D36CA4-8053-4E5A-896D-7634BEB2F13D" comLinkType="cltPageLink"/>
    <linkSource sourcePageID="BD193AFF-70A0-41C2-A87E-D5AA02699736" comID="C94D51E8-7794-44E0-80A0-09CD7C285960" comLinkType="cltPageLink"/>
    <linkSource sourcePageID="BD193AFF-70A0-41C2-A87E-D5AA02699736" comID="D57DCBC7-2DC9-4123-9AE1-0F06AB5C84AB" comLinkType="cltPageLink"/>
    <linkSource sourcePageID="2781DBA1-A02C-448A-A3AE-53C0C29D05D9" comID="C032DDEA-4982-452D-B8F5-F79044517327" comLinkType="cltPageLink"/>
    <linkSource sourcePageID="4A0D339D-9182-425A-A673-178FA0C98669" comID="8B6BA446-4E18-47AF-9D52-786FCDCBD1B6" comLinkType="cltPageLink"/>
    <linkSource sourcePageID="A8DB2508-17C8-4108-87DB-6F4A73B2CD29" comID="8B6BA446-4E18-47AF-9D52-786FCDCBD1B6" comLinkType="cltPageLink"/>
  </page>
</LinkSources>